Workbook
Name SegmentaçãodeDados_Área: #N/A
Name SegmentaçãodeDados_Coordenador: #N/A
Name SegmentaçãodeDados_Data: #N/A
Name SegmentaçãodeDados_Data1: #N/A
Name SegmentaçãodeDados_Data2: #N/A
Name SegmentaçãodeDados_Fila_de_Atendimento: #N/A
Name SegmentaçãodeDados_Fila_de_Atendimento1: #N/A
Name SegmentaçãodeDados_Nome: #N/A
Name SegmentaçãodeDados_Nome_Completo: #N/A
Name SegmentaçãodeDados_Nome_Completo1: #N/A
Name SegmentaçãodeDados_Supervisor: #N/A
Name SegmentaçãodeDados_Supervisor1: #N/A
Name SegmentaçãodeDados_Supervisor2: #N/A
Name SegmentaçãodeDados_Turno: #N/A

Sheet Painel
A1: PAINEL DE ANÁLISE — CHAMADAS, TMA E PAUSAS — HUBMAIS
A4: 🎛️ SEGMENTAÇÕES
A14: 📊 INDICADORES (apenas das linhas visíveis após filtro)
A15: Chamadas | D15: TMA Médio | G15: Tempo Total Falado | J15: Pausa Descanso | M15: Pausa Lanche | P15: Tempo Total Pausa | S15: % Pausa
A16: =SUBTOTAL(109,tblResultados[Chamadas]) -> 23493 | D16: =IFERROR(SUBTOTAL(109,tblResultados[Tempo Falado])/SUBTOTAL(109,tblResultados[Chamadas]),0) -> 0.0061196691 | G16: =SUBTOTAL(109,tblResultados[Tempo Falado]) -> 143.76939 | J16: =SUBTOTAL(109,tblResultados[DESCAN]) -> 21.277407 | M16: =SUBTOTAL(109,tblResultados[LANCHE]) -> 19.232407 | P16: =SUBTOTAL(109,tblResultados[Tempo Pausado]) -> 139.45679 | S16: =IFERROR(SUBTOTAL(109,tblResultados[Tempo Pausado])/SUBTOTAL(109,tblResultados[Tempo Logado]),0) -> 0.37581945
P18: ℹ % Pausa: inclui TODOS os agentes logados, mesmo quem não atendeu nenhuma chamada (por isso fica maior que na aba Análise por Fila).
A19: 📋 BASE DE DADOS (1 linha por agente × dia)
A20: Data | B20: Nome | C20: ID | D20: Supervisor | E20: Coordenador | F20: Área | G20: Turno | H20: Chamadas | I20: Tempo Logado | J20: Tempo Falado | K20: TMA | L20: Tempo Pausado | M20: Pausa % Login | N20: BANHEI | O20: DESCAN | P20: DISMX | Q20: FEEDBK | R20: LAGGED | S20: LANCHE | T20: LOGIN | U20: MANUAL | V20: TESTE | W20: TREINA
A21: 46235 | B21: ADRIAM DA CONCEICAO SILVA | C21: adriamsilva | D21: JENNYFER CABRERA DA CRUZ LIMA | E21: KARLA DAS DORES DE SOUSA | F21: BACKOFFICE | G21: VESPERTINO | H21: 0 | I21: 0.25207176 | J21: 0 | K21: =IFERROR(J21/H21,0) -> 0 | L21: 0.045925926 | M21: =IFERROR(L21/I21,0) -> 0.18219386 | N21: 0.01875 | O21: 0.0079513889 | S21: 0.01474537 | T21: 0.0044791667
A22: 46235 | B22: ALAINE BARBOSA RIBEIRO | C22: alaineribeiro | D22: RAFAEL ALVES DE LIMA | E22: BIANCA MUNIZ FERREIRA | F22: SAC | G22: MATUTINO | H22: 12 | I22: 0.25457176 | J22: 0.11768519 | K22: =IFERROR(J22/H22,0) -> 0.0098070988 | L22: 0.039803241 | M22: =IFERROR(L22/I22,0) -> 0.15635372 | N22: 0.0079398148 | O22: 0.013622685 | S22: 0.01431713 | T22: 0.0032407407 | U22: 0.00068287037
A23: 46235 | B23: ALEXANDRE LOPES DOS SANTOS | C23: alexandresantos | D23: REGINALDO SOUSA BARBOSA | E23: KARLA DAS DORES DE SOUSA | F23: COBRANCA | G23: VESPERTINO | H23: 8 | I23: 0.2575 | J23: 0.026770833 | K23: =IFERROR(J23/H23,0) -> 0.0033463542 | L23: 0.032025463 | M23: =IFERROR(L23/I23,0) -> 0.12437073 | N23: 0.0033564815 | O23: 0.013831019 | S23: 0.014340278 | T23: 0.00013888889 | U23: 0.00033564815
A24: 46235 | B24: AMANDA LORENA ALVES | C24: amandaalves | D24: RAFAEL ALVES DE LIMA | E24: BIANCA MUNIZ FERREIRA | F24: SAC | G24: MATUTINO | H24: 23 | I24: 0.25962963 | J24: 0.089826389 | K24: =IFERROR(J24/H24,0) -> 0.0039054952 | L24: 0.057037037 | M24: =IFERROR(L24/I24,0) -> 0.21968616 | O24: 0.0153125 | S24: 0.014803241 | T24: 0.014421296 | U24: 0.00041666667 | W24: 0.012048611
A25: 46235 | B25: ANANDA SANTOS VIEIRA | C25: anandavieira | D25: RAFAEL ALVES DE LIMA | E25: BIANCA MUNIZ FERREIRA | F25: SAC | G25: MATUTINO | H25: 23 | I25: 0.27071759 | J25: 0.059143519 | K25: =IFERROR(J25/H25,0) -> 0.0025714573 | L25: 0.043402778 | M25: =IFERROR(L25/I25,0) -> 0.16032493 | N25: 0.007337963 | O25: 0.0071296296 | R25: 0.007650463 | S25: 0.01494213 | T25: 0.0055439815 | U25: 0.00023148148
A26: 46235 | B26: ANDRESSA PEREIRA DOS SANTOS | C26: andressasantos | D26: RAFAEL ALVES DE LIMA | E26: BIANCA MUNIZ FERREIRA | F26: SAC | G26: MATUTINO | H26: 24 | I26: 0.25571759 | J26: 0.078842593 | K26: =IFERROR(J26/H26,0) -> 0.003285108 | L26: 0.039421296 | M26: =IFERROR(L26/I26,0) -> 0.1541595 | N26: 0.003287037 | O26: 0.013287037 | S26: 0.013715278 | T26: 0.0069675926 | U26: 0.0021643519
A27: 46235 | B27: ARIENE GONCALVES DE MORAES NASCIMENTO | C27: arienenascimento | D27: RAFAEL ALVES DE LIMA | E27: BIANCA MUNIZ FERREIRA | F27: SAC | G27: MATUTINO | H27: 3 | I27: 0.14228009 | J27: 0.013587963 | K27: =IFERROR(J27/H27,0) -> 0.004529321 | L27: 0.10108796 | M27: =IFERROR(L27/I27,0) -> 0.71048564 | N27: 0.0056018519 | O27: 0.012002315 | T27: 0.04375 | U27: 0.00032407407 | W27: 0.039409722
A28: 46235 | B28: BARBARA GLENDA DONIZETE DIAS | C28: barbaradias | D28: RAFAEL ALVES DE LIMA | E28: BIANCA MUNIZ FERREIRA | F28: SAC | G28: MATUTINO | H28: 3 | I28: 0.2259838 | J28: 0.0077546296 | K28: =IFERROR(J28/H28,0) -> 0.0025848765 | L28: 0.20126157 | M28: =IFERROR(L28/I28,0) -> 0.89060179 | O28: 0.0059606481 | S28: 0.012893519 | T28: 0.00048611111 | W28: 0.1819213
A29: 46235 | B29: BRENDO ARAUJO DA LUZ | C29: brendoluz | D29: NICOLAS NOLBERTO MENA | E29: BIANCA MUNIZ FERREIRA | F29: RETENCAO | G29: VESPERTINO | H29: 8 | I29: 0.25012731 | J29: 0.057731481 | K29: =IFERROR(J29/H29,0) -> 0.0072164352 | L29: 0.12460648 | M29: =IFERROR(L29/I29,0) -> 0.49817223 | O29: 0.015081019 | Q29: 0.021631944 | S29: 0.014016204 | T29: 0.00046296296 | U29: 0.025046296 | W29: 0.048368056
A30: 46235 | B30: CAMILA OLIVEIRA DAS CHAGAS | C30: camilachagas | D30: NICOLAS NOLBERTO MENA | E30: BIANCA MUNIZ FERREIRA | F30: RETENCAO | G30: VESPERTINO | H30: 7 | I30: 0.24979167 | J30: 0.035069444 | K30: =IFERROR(J30/H30,0) -> 0.0050099206 | L30: 0.11475694 | M30: =IFERROR(L30/I30,0) -> 0.45941062 | N30: 0.0086921296 | O30: 0.0196875 | Q30: 0.017974537 | S30: 0.043159722 | T30: 0.00017361111 | U30: 0.0016898148 | W30: 0.023356481
A31: 46235 | B31: CARLA RAYNARA CAMPELO COSTA | C31: carlacampelo | D31: PAULA FERNANDA ALVES | E31: KARLA DAS DORES DE SOUSA | F31: COBRANCA | G31: MATUTINO | H31: 19 | I31: 0.26445602 | J31: 0.029166667 | K31: =IFERROR(J31/H31,0) -> 0.0015350877 | L31: 0.046377315 | M31: =IFERROR(L31/I31,0) -> 0.17536873 | N31: 0.0052546296 | O31: 0.014768519 | Q31: 0.0099421296 | S31: 0.016018519 | T31: 0.00011574074 | U31: 4.6296296e-05 | W31: 0.00021990741
A32: 46235 | B32: DAIANE FERREIRA DA SILVA | C32: daianesilva | D32: PAULA FERNANDA ALVES | E32: KARLA DAS DORES DE SOUSA | F32: COBRANCA | G32: MATUTINO | H32: 19 | I32: 0.26240741 | J32: 0.031678241 | K32: =IFERROR(J32/H32,0) -> 0.0016672758 | L32: 0.05837963 | M32: =IFERROR(L32/I32,0) -> 0.22247706 | N32: 0.0026273148 | O32: 0.010868056 | Q32: 0.029305556 | S32: 0.01443287 | T32: 0.00016203704 | U32: 0.00090277778
A33: 46235 | B33: DANDARA MONTEIRO OLIVEIRA | C33: dandaraoliveira | D33: MARCOS VINICIUS ALVES DE OLIVEIRA | E33: BIANCA MUNIZ FERREIRA | F33: RETENCAO | G33: MATUTINO | H33: 7 | I33: 0.23166667 | J33: 0.12538194 | K33: =IFERROR(J33/H33,0) -> 0.017911706 | L33: 0.10849537 | M33: =IFERROR(L33/I33,0) -> 0.46832534 | N33: 0.033553241 | O33: 0.016354167 | S33: 0.013865741 | T33: 0.00020833333 | U33: 0.009849537 | W33: 0.034664352
A34: 46235 | B34: DANILLO BARBOSA OLIVEIRA | C34: danillooliveira | D34: MARCOS VINICIUS ALVES DE OLIVEIRA | E34: BIANCA MUNIZ FERREIRA | F34: RETENCAO | G34: MATUTINO | H34: 19 | I34: 0.25931713 | J34: 0.19207176 | K34: =IFERROR(J34/H34,0) -> 0.01010904 | L34: 0.069826389 | M34: =IFERROR(L34/I34,0) -> 0.26927025 | N34: 0.014560185 | O34: 0.013900463 | R34: 4.6296296e-05 | S34: 0.013391204 | T34: 0.0009837963 | U34: 0.0014583333 | W34: 0.025474537
A35: 46235 | B35: DEBORA BRAGA DE MATOS AQUINO | C35: deboraaquino | D35: MARCOS VINICIUS ALVES DE OLIVEIRA | E35: BIANCA MUNIZ FERREIRA | F35: RETENCAO | G35: MATUTINO | H35: 16 | I35: 0.27681713 | J35: 0.13174769 | K35: =IFERROR(J35/H35,0) -> 0.0082342303 | L35: 0.12961806 | M35: =IFERROR(L35/I35,0) -> 0.46824435 | N35: 0.011770833 | O35: 0.014872685 | S35: 0.014953704 | T35: 0.072824074 | U35: 0.0010763889 | W35: 0.01412037
A36: 46235 | B36: DEBORA DA SILVA COELHO | C36: deboracoelho | D36: RENATA MARQUES LIMA DOS REIS | E36: BIANCA MUNIZ FERREIRA | F36: SAC | G36: VESPERTINO | H36: 17 | I36: 0.2478125 | J36: 0.10821759 | K36: =IFERROR(J36/H36,0) -> 0.0063657407 | L36: 0.029930556 | M36: =IFERROR(L36/I36,0) -> 0.12077904 | O36: 0.0070717593 | R36: 0.0070949074 | S36: 0.014212963 | T36: 0.00052083333 | U36: 0.00096064815
A37: 46235 | B37: DIOVANIA ROCHA ALVES SANTOS | C37: diovaniasantos | D37: RAFAEL ALVES DE LIMA | E37: BIANCA MUNIZ FERREIRA | F37: SAC | G37: MATUTINO | H37: 2 | I37: 0.21841435 | J37: 0.0098842593 | K37: =IFERROR(J37/H37,0) -> 0.0049421296 | L37: 0.19186343 | M37: =IFERROR(L37/I37,0) -> 0.87843781 | N37: 0.015509259 | O37: 0.013287037 | S37: 0.013935185 | T37: 0.00053240741 | W37: 0.14859954
A38: 46235 | B38: EDUARDO BARBOSA MARQUES | C38: eduardomarques | D38: PAULA FERNANDA ALVES | E38: KARLA DAS DORES DE SOUSA | F38: COBRANCA | G38: MATUTINO | H38: 13 | I38: 0.2575463 | J38: 0.0096875 | K38: =IFERROR(J38/H38,0) -> 0.00074519231 | L38: 0.059363426 | M38: =IFERROR(L38/I38,0) -> 0.23049614 | N38: 0.007662037 | O38: 0.014548611 | Q38: 0.016145833 | S38: 0.014861111 | T38: 8.1018519e-05 | U38: 0.0056944444
A39: 46235 | B39: EDUARDO GABRIEL ANGELIM GONCALVES | C39: eduardogoncalves | D39: RENATA MARQUES LIMA DOS REIS | E39: BIANCA MUNIZ FERREIRA | F39: SAC | G39: VESPERTINO | H39: 14 | I39: 0.23895833 | J39: 0.058483796 | K39: =IFERROR(J39/H39,0) -> 0.004177414 | L39: 0.028680556 | M39: =IFERROR(L39/I39,0) -> 0.12002325 | N39: 0.0078009259 | O39: 0.014282407 | T39: 0.00071759259 | U39: 0.00087962963 | W39: 0.0049421296
A40: 46235 | B40: EDYNAYANE LIMA DE FRANCA | C40: edynayanefranca | D40: RAFAEL ALVES DE LIMA | E40: BIANCA MUNIZ FERREIRA | F40: SAC | G40: MATUTINO | H40: 19 | I40: 0.26371528 | J40: 0.074618056 | K40: =IFERROR(J40/H40,0) -> 0.0039272661 | L40: 0.058541667 | M40: =IFERROR(L40/I40,0) -> 0.22198815 | N40: 0.011076389 | O40: 0.013842593 | S40: 0.01462963 | T40: 0.017384259 | U40: 0.0015393519 | W40: 6.9444444e-05
A41: 46235 | B41: ELAINE OLIVEIRA SILVA | C41: elainesilva | D41: RENATA MARQUES LIMA DOS REIS | E41: BIANCA MUNIZ FERREIRA | F41: SAC | G41: VESPERTINO | H41: 17 | I41: 0.25762731 | J41: 0.094918981 | K41: =IFERROR(J41/H41,0) -> 0.0055834695 | L41: 0.032650463 | M41: =IFERROR(L41/I41,0) -> 0.12673525 | N41: 0.0016087963 | O41: 0.014016204 | S41: 0.014502315 | T41: 0.00015046296 | U41: 0.00079861111 | W41: 0.0015625
A42: 46235 | B42: FABIO BORGES DOS SANTOS FILHO | C42: fabiofilho | D42: MARCOS VINICIUS ALVES DE OLIVEIRA | E42: BIANCA MUNIZ FERREIRA | F42: RETENCAO | G42: MATUTINO | H42: 10 | I42: 0.24667824 | J42: 0.098680556 | K42: =IFERROR(J42/H42,0) -> 0.0098680556 | L42: 0.11300926 | M42: =IFERROR(L42/I42,0) -> 0.45812415 | N42: 0.020219907 | O42: 0.0209375 | S42: 0.017534722 | T42: 0.0016435185 | U42: 0.0040393519 | W42: 0.048622685
A43: 46235 | B43: GABRIELA PIRES DOS SANTOS | C43: gabrielasantos | D43: PAULA FERNANDA ALVES | E43: KARLA DAS DORES DE SOUSA | F43: COBRANCA | G43: MATUTINO | H43: 9 | I43: 0.26329861 | J43: 0.051967593 | K43: =IFERROR(J43/H43,0) -> 0.005774177 | L43: 0.069143519 | M43: =IFERROR(L43/I43,0) -> 0.26260495 | N43: 0.0090393519 | O43: 0.014340278 | P43: 0.0017013889 | Q43: 0.027488426 | S43: 0.013773148 | T43: 0.00094907407 | U43: 0.0018171296
A44: 46235 | B44: GEOVANA DANIELE PINTO DAS NEVES | C44: geovananeves | D44: RAFAEL ALVES DE LIMA | E44: BIANCA MUNIZ FERREIRA | F44: SAC | G44: MATUTINO | H44: 29 | I44: 0.26295139 | J44: 0.097453704 | K44: =IFERROR(J44/H44,0) -> 0.0033604725 | L44: 0.026875 | M44: =IFERROR(L44/I44,0) -> 0.1022052 | N44: 0.0045949074 | O44: 0.0071064815 | Q44: 0.00074074074 | S44: 0.014027778 | T44: 8.1018519e-05 | U44: 0.0003125
A45: 46235 | B45: GEOVANA GABRIELLY QUEIROZ DOS SANTOS | C45: geovanasantos | D45: MARCOS VINICIUS ALVES DE OLIVEIRA | E45: BIANCA MUNIZ FERREIRA | F45: RETENCAO | G45: MATUTINO | H45: 7 | I45: 0.26298611 | J45: 0.16091435 | K45: =IFERROR(J45/H45,0) -> 0.022987765 | L45: 0.10422454 | M45: =IFERROR(L45/I45,0) -> 0.39631194 | N45: 0.0042592593 | O45: 0.013842593 | S45: 0.014525463 | T45: 5.787037e-05 | U45: 0.018831019 | W45: 0.052708333
A46: 46235 | B46: GERLAINY CRISTINA DE OLIVEIRA SANTOS | C46: gerlainysantos | D46: RENATA MARQUES LIMA DOS REIS | E46: BIANCA MUNIZ FERREIRA | F46: SAC | G46: VESPERTINO | H46: 12 | I46: 0.24902778 | J46: 0.11121528 | K46: =IFERROR(J46/H46,0) -> 0.0092679398 | L46: 0.03900463 | M46: =IFERROR(L46/I46,0) -> 0.15662763 | N46: 0.0046412037 | O46: 0.019050926 | S46: 0.014490741 | T46: 0.00025462963 | U46: 0.00032407407
A47: 46235 | B47: GILIELLE MAIANE ROSA E SILVA | C47: giliellesilva | D47: RAFAEL ALVES DE LIMA | E47: BIANCA MUNIZ FERREIRA | F47: SAC | G47: MATUTINO | H47: 19 | I47: 0.2637037 | J47: 0.062511574 | K47: =IFERROR(J47/H47,0) -> 0.0032900828 | L47: 0.063715278 | M47: =IFERROR(L47/I47,0) -> 0.24161692 | N47: 0.016770833 | O47: 0.016342593 | S47: 0.017002315 | T47: 0.013599537
A48: 46235 | B48: GUSTAVO PEREIRA TEIXEIRA | C48: gustavoteixeira | D48: RENATA MARQUES LIMA DOS REIS | E48: BIANCA MUNIZ FERREIRA | F48: SAC | G48: VESPERTINO | H48: 0 | I48: 0.14112269 | J48: 0 | K48: =IFERROR(J48/H48,0) -> 0 | L48: 0.14112269 | M48: =IFERROR(L48/I48,0) -> 1 | N48: 0.014189815 | O48: 0.0077199074 | Q48: 0.0048032407 | S48: 0.0060416667 | T48: 0.00040509259 | W48: 0.10796296
A49: 46235 | B49: HELENA VITORIA MACEDO DUTRA | C49: helenadutra | D49: RAFAEL ALVES DE LIMA | E49: BIANCA MUNIZ FERREIRA | F49: SAC | G49: MATUTINO | H49: 24 | I49: 0.26293981 | J49: 0.097673611 | K49: =IFERROR(J49/H49,0) -> 0.0040697338 | L49: 0.0018518519 | M49: =IFERROR(L49/I49,0) -> 0.0070428735 | T49: 9.2592593e-05 | U49: 0.0016782407 | W49: 1.1574074e-05
A50: 46235 | B50: IASMYM RIBEIRO DA SILVA | C50: iasmymsilva | D50: MARCOS VINICIUS ALVES DE OLIVEIRA | E50: BIANCA MUNIZ FERREIRA | F50: RETENCAO | G50: MATUTINO | H50: 16 | I50: 0.25856481 | J50: 0.18454861 | K50: =IFERROR(J50/H50,0) -> 0.011534288 | L50: 0.080497685 | M50: =IFERROR(L50/I50,0) -> 0.31132498 | N50: 0.02193287 | O50: 0.0099652778 | S50: 0.014212963 | T50: 9.2592593e-05 | U50: 0.01037037 | W50: 0.023888889
A51: 46235 | B51: ISABELA MENDES DAS NEVES | C51: isabelaneves | D51: JENNYFER CABRERA DA CRUZ LIMA | E51: KARLA DAS DORES DE SOUSA | F51: BACKOFFICE | G51: INTEGRAL | H51: 0 | I51: 0.0013541667 | J51: 0 | K51: =IFERROR(J51/H51,0) -> 0 | L51: 0 | M51: =IFERROR(L51/I51,0) -> 0
A52: 46235 | B52: IVONEIDE DUARTE FERREIRA | C52: ivoneideferreira | D52: REGINALDO SOUSA BARBOSA | E52: KARLA DAS DORES DE SOUSA | F52: COBRANCA | G52: VESPERTINO | H52: 12 | I52: 0.26288194 | J52: 0.036585648 | K52: =IFERROR(J52/H52,0) -> 0.003048804 | L52: 0.030266204 | M52: =IFERROR(L52/I52,0) -> 0.1151323 | N52: 0.0015162037 | O52: 0.013981481 | S52: 0.013981481 | T52: 0.00017361111 | U52: 0.00060185185
A53: 46235 | B53: JAMILLY SALES MOTA | C53: jamillymota | D53: RENATA MARQUES LIMA DOS REIS | E53: BIANCA MUNIZ FERREIRA | F53: SAC | G53: VESPERTINO | H53: 11 | I53: 0.25890046 | J53: 0.1815625 | K53: =IFERROR(J53/H53,0) -> 0.016505682 | L53: 0.036145833 | M53: =IFERROR(L53/I53,0) -> 0.13961286 | N53: 0.0050462963 | O53: 0.01474537 | S53: 0.014016204 | T53: 0.00072916667 | U53: 0.0015740741
A54: 46235 | B54: JENNYFER LAIS MATOS LIMA | C54: jennyferlima | D54: RENATA MARQUES LIMA DOS REIS | E54: BIANCA MUNIZ FERREIRA | F54: SAC | G54: VESPERTINO | H54: 0 | I54: 0.1687963 | J54: 0 | K54: =IFERROR(J54/H54,0) -> 0 | L54: 0.1687963 | M54: =IFERROR(L54/I54,0) -> 1 | O54: 0.013912037 | S54: 0.014131944 | T54: 0.00048611111 | W54: 0.1402662
A55: 46235 | B55: JEOVANNA DE LIMA FERREIRA | C55: jeovannaferreira | D55: PAULA FERNANDA ALVES | E55: KARLA DAS DORES DE SOUSA | F55: COBRANCA | G55: MATUTINO | H55: 14 | I55: 0.26445602 | J55: 0.035740741 | K55: =IFERROR(J55/H55,0) -> 0.0025529101 | L55: 0.047523148 | M55: =IFERROR(L55/I55,0) -> 0.17970152 | O55: 0.018113426 | Q55: 0.013344907 | S55: 0.015474537 | T55: 0.00015046296 | U55: 0.00041666667
A56: 46235 | B56: JESSICA SILVA DA COSTA | C56: jessicacosta | D56: RENATA MARQUES LIMA DOS REIS | E56: BIANCA MUNIZ FERREIRA | F56: SAC | G56: VESPERTINO | H56: 16 | I56: 0.25579861 | J56: 0.07681713 | K56: =IFERROR(J56/H56,0) -> 0.0048010706 | L56: 0.038125 | M56: =IFERROR(L56/I56,0) -> 0.14904303 | N56: 0.0070949074 | O56: 0.01443287 | S56: 0.013923611 | T56: 0.0015625 | U56: 0.001099537
A57: 46235 | B57: JOAO PEDRO DE SOUZA SANTOS | C57: joaosantos | D57: REGINALDO SOUSA BARBOSA | E57: KARLA DAS DORES DE SOUSA | F57: COBRANCA | G57: VESPERTINO | H57: 12 | I57: 0.25413194 | J57: 0.034652778 | K57: =IFERROR(J57/H57,0) -> 0.0028877315 | L57: 0.035104167 | M57: =IFERROR(L57/I57,0) -> 0.13813362 | N57: 0.0078240741 | O57: 0.014108796 | R57: 0.0015509259 | S57: 0.010578704 | T57: 0.00054398148 | U57: 0.00048611111
A58: 46235 | B58: JOAO VITOR VIEIRA DA CRUZ | C58: joaocruz | D58: PAULA FERNANDA ALVES | E58: KARLA DAS DORES DE SOUSA | F58: COBRANCA | G58: MATUTINO | H58: 17 | I58: 0.25736111 | J58: 0.0359375 | K58: =IFERROR(J58/H58,0) -> 0.0021139706 | L58: 0.04619213 | M58: =IFERROR(L58/I58,0) -> 0.17948372 | N58: 0.0072569444 | O58: 0.013530093 | Q58: 0.011076389 | S58: 0.014085648 | T58: 0.00013888889 | U58: 9.2592593e-05
A59: 46235 | B59: JORDANNA BEATRIZ BARBOSA REQUEL | C59: jordannarequel | D59: RENATA MARQUES LIMA DOS REIS | E59: BIANCA MUNIZ FERREIRA | F59: SAC | G59: VESPERTINO | H59: 21 | I59: 0.25342593 | J59: 0.090300926 | K59: =IFERROR(J59/H59,0) -> 0.0043000441 | L59: 0.042094907 | M59: =IFERROR(L59/I59,0) -> 0.1661034 | N59: 0.0082523148 | O59: 0.015358796 | Q59: 0.0037268519 | S59: 0.012777778 | T59: 0.00070601852 | U59: 0.0012152778
A60: 46235 | B60: JULLIANA TELES DE CASTRO BARRETO | C60: jullianabarreto | D60: RAFAEL ALVES DE LIMA | E60: BIANCA MUNIZ FERREIRA | F60: SAC | G60: MATUTINO | H60: 16 | I60: 0.26457176 | J60: 0.10538194 | K60: =IFERROR(J60/H60,0) -> 0.0065863715 | L60: 0.063101852 | M60: =IFERROR(L60/I60,0) -> 0.23850562 | N60: 0.021412037 | O60: 0.014189815 | Q60: 0.0024305556 | S60: 0.012685185 | T60: 0.011597222 | U60: 0.00075231481
A61: 46235 | B61: KAILANE TEIXEIRA DE SOUSA | C61: kailanesousa | D61: NICOLAS NOLBERTO MENA | E61: BIANCA MUNIZ FERREIRA | F61: VENDAS | G61: VESPERTINO | H61: 18 | I61: 0.25240741 | J61: 0.054976852 | K61: =IFERROR(J61/H61,0) -> 0.0030542695 | L61: 0.080231481 | M61: =IFERROR(L61/I61,0) -> 0.317865 | N61: 0.04443287 | O61: 0.010243056 | Q61: 0.0037268519 | S61: 0.020219907 | T61: 0.0014583333 | U61: 0.00015046296
A62: 46235 | B62: KALISSA VALERIO GONCALVES | C62: kalissagoncalves | D62: REGINALDO SOUSA BARBOSA | E62: KARLA DAS DORES DE SOUSA | F62: COBRANCA | G62: VESPERTINO | H62: 10 | I62: 0.26148148 | J62: 0.024652778 | K62: =IFERROR(J62/H62,0) -> 0.0024652778 | L62: 0.040833333 | M62: =IFERROR(L62/I62,0) -> 0.15616147 | N62: 0.010960648 | O62: 0.015486111 | S62: 0.013784722 | T62: 0.00015046296 | U62: 0.00013888889
A63: 46235 | B63: KAROLYNY KELLY OLIVEIRA ASSIS | C63: karolynyassis | D63: PAULA FERNANDA ALVES | E63: KARLA DAS DORES DE SOUSA | F63: COBRANCA | G63: MATUTINO | H63: 10 | I63: 0.25469907 | J63: 0.038217593 | K63: =IFERROR(J63/H63,0) -> 0.0038217593 | L63: 0.057210648 | M63: =IFERROR(L63/I63,0) -> 0.22462056 | O63: 0.014479167 | Q63: 0.026909722 | S63: 0.013842593 | T63: 0.00011574074 | U63: 0.0017708333
A64: 46235 | B64: KEYTH RODRIGUES DE MORAIS | C64: keythmorais | D64: MARCOS VINICIUS ALVES DE OLIVEIRA | E64: BIANCA MUNIZ FERREIRA | F64: VENDAS | G64: MATUTINO | H64: 22 | I64: 0.25930556 | J64: 0.045219907 | K64: =IFERROR(J64/H64,0) -> 0.0020554503 | L64: 0.10219907 | M64: =IFERROR(L64/I64,0) -> 0.39412605 | N64: 0.017164352 | O64: 0.026643519 | S64: 0.014050926 | T64: 0.013402778 | U64: 0.00021990741 | W64: 0.030694444
A65: 46235 | B65: LAIS RIBEIRO DA SILVA | C65: laissilva | D65: PAULA FERNANDA ALVES | E65: KARLA DAS DORES DE SOUSA | F65: COBRANCA | G65: MATUTINO | H65: 10 | I65: 0.2653588 | J65: 0.024201389 | K65: =IFERROR(J65/H65,0) -> 0.0024201389 | L65: 0.056284722 | M65: =IFERROR(L65/I65,0) -> 0.21210799 | N65: 0.0040625 | O65: 0.014027778 | Q65: 0.015625 | S65: 0.014282407 | T65: 0.0040972222 | U65: 0.0040740741
A66: 46235 | B66: LARA SOUZA HEINZ | C66: laraheinz | D66: NICOLAS NOLBERTO MENA | E66: BIANCA MUNIZ FERREIRA | F66: RETENCAO | G66: VESPERTINO | H66: 2 | I66: 0.17953704 | J66: 0.12479167 | K66: =IFERROR(J66/H66,0) -> 0.062395833 | L66: 0.13241898 | M66: =IFERROR(L66/I66,0) -> 0.73755802 | N66: 0.021412037 | O66: 0.010821759 | S66: 0.017511574 | T66: 0.0005787037 | W66: 0.082094907
A67: 46235 | B67: LARISSA DA COSTA XAVIER | C67: larissaxavier | D67: RAFAEL ALVES DE LIMA | E67: BIANCA MUNIZ FERREIRA | F67: SAC | G67: MATUTINO | H67: 1 | I67: 0.20333333 | J67: 0.0059722222 | K67: =IFERROR(J67/H67,0) -> 0.0059722222 | L67: 0.18802083 | M67: =IFERROR(L67/I67,0) -> 0.92469262 | T67: 0.043703704 | W67: 0.14431713
A68: 46235 | B68: LAURA CRISTINNY DOS REIS CIRQUEIRA | C68: lauracirqueira | D68: RENATA MARQUES LIMA DOS REIS | E68: BIANCA MUNIZ FERREIRA | F68: SAC | G68: VESPERTINO | H68: 11 | I68: 0.26231481 | J68: 0.14040509 | K68: =IFERROR(J68/H68,0) -> 0.012764099 | L68: 0.030034722 | M68: =IFERROR(L68/I68,0) -> 0.11449876 | O68: 0.01400463 | S68: 0.014351852 | T68: 0.00075231481 | U68: 0.00090277778
A69: 46235 | B69: LEIDIANE BARBOSA CAMPOS OLIVA | C69: leidianeoliva | D69: RAFAEL ALVES DE LIMA | E69: BIANCA MUNIZ FERREIRA | F69: SAC | G69: MATUTINO | H69: 15 | I69: 0.24864583 | J69: 0.1162037 | K69: =IFERROR(J69/H69,0) -> 0.0077469136 | L69: 0.0409375 | M69: =IFERROR(L69/I69,0) -> 0.16464181 | N69: 0.00011574074 | O69: 0.012893519 | S69: 0.017361111 | T69: 5.787037e-05 | U69: 0.00096064815 | W69: 0.009525463
A70: 46235 | B70: LIDIA GABRIELLY DOS SANTOS SOUSA | C70: lidiasousa | D70: NICOLAS NOLBERTO MENA | E70: BIANCA MUNIZ FERREIRA | F70: RETENCAO | G70: VESPERTINO | H70: 6 | I70: 0.19097222 | J70: 0.053113426 | K70: =IFERROR(J70/H70,0) -> 0.0088522377 | L70: 0.08931713 | M70: =IFERROR(L70/I70,0) -> 0.46769697 | N70: 0.0028009259 | O70: 0.0086689815 | Q70: 0.0071527778 | S70: 0.016087963 | T70: 0.0002662037 | W70: 0.054340278
A71: 46235 | B71: LORRANE PAES DE OLIVEIRA | C71: lorraneoliveira | D71: RENATA MARQUES LIMA DOS REIS | E71: BIANCA MUNIZ FERREIRA | F71: SAC | G71: VESPERTINO | H71: 16 | I71: 0.26341435 | J71: 0.080844907 | K71: =IFERROR(J71/H71,0) -> 0.0050528067 | L71: 0.030138889 | M71: =IFERROR(L71/I71,0) -> 0.11441627 | O71: 0.01375 | S71: 0.01412037 | T71: 0.00016203704 | U71: 0.0019675926
A72: 46235 | B72: LUIZA VICTORIA DO NASCIMENTO LIMA | C72: luizalima | D72: RAFAEL ALVES DE LIMA | E72: BIANCA MUNIZ FERREIRA | F72: SAC | G72: MATUTINO | H72: 16 | I72: 0.24840278 | J72: 0.062789352 | K72: =IFERROR(J72/H72,0) -> 0.0039243345 | L72: 0.059699074 | M72: =IFERROR(L72/I72,0) -> 0.24033175 | N72: 0.019930556 | O72: 0.014201389 | S72: 0.014502315 | T72: 0.0023263889 | U72: 0.0028935185 | W72: 0.0058217593
A73: 46235 | B73: LUZIA MACIEL DOS SANTOS | C73: luziasantos | D73: PAULA FERNANDA ALVES | E73: KARLA DAS DORES DE SOUSA | F73: COBRANCA | G73: MATUTINO | H73: 9 | I73: 0.26554398 | J73: 0.042719907 | K73: =IFERROR(J73/H73,0) -> 0.0047466564 | L73: 0.053564815 | M73: =IFERROR(L73/I73,0) -> 0.2017173 | N73: 0.0048611111 | O73: 0.013726852 | Q73: 0.017118056 | S73: 0.013159722 | T73: 0.00011574074 | U73: 0.0044675926
A74: 46235 | B74: MAGNA SANTIAGO DE SOUZA | C74: magnasouza | D74: RAFAEL ALVES DE LIMA | E74: BIANCA MUNIZ FERREIRA | F74: SAC | G74: MATUTINO | H74: 0 | I74: 0.24414352 | J74: 0 | K74: =IFERROR(J74/H74,0) -> 0 | L74: 0.24414352 | M74: =IFERROR(L74/I74,0) -> 1 | O74: 0.013993056 | S74: 0.0084722222 | T74: 0.00050925926 | W74: 0.22116898
A75: 46235 | B75: MANUELLA TELES CARNEIRO | C75: manuellacarneiro | D75: MARCOS VINICIUS ALVES DE OLIVEIRA | E75: BIANCA MUNIZ FERREIRA | F75: RETENCAO | G75: MATUTINO | H75: 20 | I75: 0.25236111 | J75: 0.19547454 | K75: =IFERROR(J75/H75,0) -> 0.0097737269 | L75: 0.081956019 | M75: =IFERROR(L75/I75,0) -> 0.32475693 | N75: 0.021643519 | O75: 0.018356481 | Q75: 0.0089930556 | S75: 0.014722222 | T75: 0.0040740741 | U75: 5.787037e-05 | W75: 0.014108796
A76: 46235 | B76: MARIA DO CARMO SOUZA SANTOS | C76: mariasantos | D76: REGINALDO SOUSA BARBOSA | E76: KARLA DAS DORES DE SOUSA | F76: COBRANCA | G76: VESPERTINO | H76: 6 | I76: 0.25765046 | J76: 0.018634259 | K76: =IFERROR(J76/H76,0) -> 0.0031057099 | L76: 0.037199074 | M76: =IFERROR(L76/I76,0) -> 0.14437806 | N76: 0.0066203704 | O76: 0.015393519 | S76: 0.014456019 | T76: 6.9444444e-05 | U76: 0.00063657407
A77: 46235 | B77: MARIA DYSLLIAN JUSTINO FERRAZ | C77: mariaferraz | D77: NICOLAS NOLBERTO MENA | E77: BIANCA MUNIZ FERREIRA | F77: RETENCAO | G77: VESPERTINO | H77: 5 | I77: 0.23787037 | J77: 0.046458333 | K77: =IFERROR(J77/H77,0) -> 0.0092916667 | L77: 0.13634259 | M77: =IFERROR(L77/I77,0) -> 0.57318023 | N77: 0.019583333 | O77: 0.018009259 | Q77: 0.0038541667 | R77: 0.00018518519 | S77: 0.013726852 | T77: 0.0023032407 | W77: 0.078680556
A78: 46235 | B78: MARIANA BARBOSA DAMACENA | C78: marianadamacena | D78: PAULA FERNANDA ALVES | E78: KARLA DAS DORES DE SOUSA | F78: COBRANCA | G78: MATUTINO | H78: 7 | I78: 0.26173611 | J78: 0.054351852 | K78: =IFERROR(J78/H78,0) -> 0.0077645503 | L78: 0.060949074 | M78: =IFERROR(L78/I78,0) -> 0.2328646 | N78: 0.0079513889 | O78: 0.015578704 | Q78: 0.019548611 | S78: 0.0140625 | T78: 0.00010416667 | U78: 0.003587963
A79: 46235 | B79: MARIANA RESENDE GONCALVES | C79: marianagoncalves | D79: NICOLAS NOLBERTO MENA | E79: BIANCA MUNIZ FERREIRA | F79: RETENCAO | G79: VESPERTINO | H79: 6 | I79: 0.24677083 | J79: 0.058935185 | K79: =IFERROR(J79/H79,0) -> 0.0098225309 | L79: 0.13737269 | M79: =IFERROR(L79/I79,0) -> 0.55668121 | N79: 0.0048958333 | O79: 0.012106481 | Q79: 0.0036111111 | S79: 0.012222222 | T79: 0.0013194444 | W79: 0.10321759
A80: 46235 | B80: MATHEUS CHAVES LEITE | C80: matheusleite | D80: NICOLAS NOLBERTO MENA | E80: BIANCA MUNIZ FERREIRA | F80: RETENCAO | G80: VESPERTINO | H80: 4 | I80: 0.19175926 | J80: 0.045868056 | K80: =IFERROR(J80/H80,0) -> 0.011467014 | L80: 0.091030093 | M80: =IFERROR(L80/I80,0) -> 0.47471028 | N80: 0.0021990741 | O80: 0.0072453704 | Q80: 0.015601852 | R80: 6.9444444e-05 | S80: 0.0088541667 | T80: 0.0017939815 | W80: 0.055266204
A81: 46235 | B81: MICHELLY DE SOUZA LOPES | C81: michellylopes | D81: NICOLAS NOLBERTO MENA | E81: BIANCA MUNIZ FERREIRA | F81: RETENCAO | G81: VESPERTINO | H81: 7 | I81: 0.25184028 | J81: 0.099398148 | K81: =IFERROR(J81/H81,0) -> 0.014199735 | L81: 0.11092593 | M81: =IFERROR(L81/I81,0) -> 0.44046142 | O81: 0.0079050926 | Q81: 0.031203704 | S81: 0.011828704 | T81: 0.010810185 | U81: 0.024756944 | W81: 0.024421296
A82: 46235 | B82: MIKAELLE DA SILVA ALVES | C82: mikaellealves | D82: RENATA MARQUES LIMA DOS REIS | E82: BIANCA MUNIZ FERREIRA | F82: SAC | G82: VESPERTINO | H82: 19 | I82: 0.26268519 | J82: 0.099826389 | K82: =IFERROR(J82/H82,0) -> 0.0052540205 | L82: 0.038113426 | M82: =IFERROR(L82/I82,0) -> 0.14509165 | N82: 0.00097222222 | O82: 0.014108796 | Q82: 0.0074189815 | S82: 0.014224537 | T82: 8.1018519e-05 | W82: 0.0012731481
A83: 46235 | B83: MONICA FERREIRA DE SOUZA | C83: monicasouza | D83: MARCOS VINICIUS ALVES DE OLIVEIRA | E83: BIANCA MUNIZ FERREIRA | F83: RETENCAO | G83: MATUTINO | H83: 14 | I83: 0.25909722 | J83: 0.2262037 | K83: =IFERROR(J83/H83,0) -> 0.016157407 | L83: 0.058321759 | M83: =IFERROR(L83/I83,0) -> 0.22509604 | N83: 0.0061458333 | O83: 0.015324074 | S83: 0.014421296 | T83: 0.0012152778 | U83: 0.0076273148 | W83: 0.013576389
A84: 46235 | B84: MORGANA NATARRY RIBEIRO REIS | C84: morganareis | D84: MARCOS VINICIUS ALVES DE OLIVEIRA | E84: BIANCA MUNIZ FERREIRA | F84: RETENCAO | G84: MATUTINO | H84: 16 | I84: 0.2665625 | J84: 0.21751157 | K84: =IFERROR(J84/H84,0) -> 0.013594473 | L84: 0.057523148 | M84: =IFERROR(L84/I84,0) -> 0.2157961 | N84: 0.0028125 | O84: 0.015625 | S84: 0.013194444 | T84: 0.00011574074 | U84: 0.010694444 | W84: 0.015069444
A85: 46235 | B85: NADYA REGIANE RAMOS BESSA | C85: nadyabessa | D85: MARCOS VINICIUS ALVES DE OLIVEIRA | E85: BIANCA MUNIZ FERREIRA | F85: RETENCAO | G85: MATUTINO | H85: 11 | I85: 0.26543981 | J85: 0.14582176 | K85: =IFERROR(J85/H85,0) -> 0.013256524 | L85: 0.06400463 | M85: =IFERROR(L85/I85,0) -> 0.24112671 | O85: 0.017222222 | P85: 0.020590278 | S85: 0.013252315 | T85: 0.00010416667 | U85: 0.012696759 | W85: 0.00013888889
A86: 46235 | B86: NATALIA AZEVEDO DA SILVA | C86: nataliaazevedo | D86: NICOLAS NOLBERTO MENA | E86: BIANCA MUNIZ FERREIRA | F86: RETENCAO | G86: VESPERTINO | H86: 6 | I86: 0.25104167 | J86: 0.065439815 | K86: =IFERROR(J86/H86,0) -> 0.010906636 | L86: 0.11375 | M86: =IFERROR(L86/I86,0) -> 0.45311203 | N86: 0.0049537037 | O86: 0.018229167 | Q86: 0.0035763889 | S86: 0.015833333 | T86: 0.0038425926 | U86: 0.001724537 | W86: 0.065590278
A87: 46235 | B87: NATANIA CRISTINA ALVES DA SILVA | C87: nataniasilva | D87: MARCOS VINICIUS ALVES DE OLIVEIRA | E87: BIANCA MUNIZ FERREIRA | F87: RETENCAO | G87: MATUTINO | H87: 17 | I87: 0.26525463 | J87: 0.18898148 | K87: =IFERROR(J87/H87,0) -> 0.011116558 | L87: 0.072152778 | M87: =IFERROR(L87/I87,0) -> 0.27201326 | N87: 0.0045138889 | O87: 0.018472222 | S87: 0.01443287 | T87: 0.0012152778 | U87: 0.00059027778 | W87: 0.032928241
A88: 46235 | B88: NATHALIA DOS SANTOS MORAIS | C88: nathaliamorais | D88: NICOLAS NOLBERTO MENA | E88: BIANCA MUNIZ FERREIRA | F88: RETENCAO | G88: VESPERTINO | H88: 2 | I88: 0.20699074 | J88: 0.0290625 | K88: =IFERROR(J88/H88,0) -> 0.01453125 | L88: 0.15819444 | M88: =IFERROR(L88/I88,0) -> 0.76425856 | N88: 0.0095949074 | O88: 0.0095833333 | Q88: 0.014189815 | S88: 0.016701389 | T88: 0.0016898148 | U88: 0.014953704 | W88: 0.091481481
A89: 46235 | B89: NAYARA BISPO DO ESPIRITO SANTO | C89: nayarapereira | D89: REGINALDO SOUSA BARBOSA | E89: KARLA DAS DORES DE SOUSA | F89: COBRANCA | G89: VESPERTINO | H89: 10 | I89: 0.26609954 | J89: 0.033680556 | K89: =IFERROR(J89/H89,0) -> 0.0033680556 | L89: 0.029930556 | M89: =IFERROR(L89/I89,0) -> 0.1124788 | N89: 0.0013888889 | O89: 0.01462963 | S89: 0.013773148 | T89: 5.787037e-05 | U89: 6.9444444e-05
A90: 46235 | B90: ODETE AQUINO SILVA | C90: odetesilva | D90: NICOLAS NOLBERTO MENA | E90: BIANCA MUNIZ FERREIRA | F90: RETENCAO | G90: VESPERTINO | H90: 6 | I90: 0.22033565 | J90: 0.032048611 | K90: =IFERROR(J90/H90,0) -> 0.0053414352 | L90: 0.12670139 | M90: =IFERROR(L90/I90,0) -> 0.57503808 | N90: 0.0091666667 | O90: 0.0086458333 | Q90: 0.0079166667 | S90: 0.014930556 | T90: 0.0033449074 | U90: 0.012488426 | W90: 0.070208333
A91: 46235 | B91: ORNELIA DE AGUIAR CORDEIRO BARBOSA | C91: orneliabarbosa | D91: NICOLAS NOLBERTO MENA | E91: BIANCA MUNIZ FERREIRA | F91: RETENCAO | G91: VESPERTINO | H91: 5 | I91: 0.2443287 | J91: 0.042060185 | K91: =IFERROR(J91/H91,0) -> 0.008412037 | L91: 0.1599537 | M91: =IFERROR(L91/I91,0) -> 0.65466604 | N91: 0.0029282407 | O91: 0.011168981 | Q91: 0.014074074 | S91: 0.016018519 | T91: 0.0020486111 | W91: 0.11371528
A92: 46235 | B92: PAULA CRISTINA CAETANO DA SILVA | C92: paulasilva | D92: NICOLAS NOLBERTO MENA | E92: BIANCA MUNIZ FERREIRA | F92: RETENCAO | G92: VESPERTINO | H92: 10 | I92: 0.24996528 | J92: 0.073506944 | K92: =IFERROR(J92/H92,0) -> 0.0073506944 | L92: 0.13408565 | M92: =IFERROR(L92/I92,0) -> 0.53641709 | N92: 0.0070138889 | O92: 0.0076851852 | Q92: 0.01599537 | S92: 0.019895833 | T92: 0.00017361111 | U92: 0.0005787037 | W92: 0.082743056
A93: 46235 | B93: POLIANA OLIVEIRA CORREIA | C93: polianacorreia | D93: RAFAEL ALVES DE LIMA | E93: BIANCA MUNIZ FERREIRA | F93: SAC | G93: MATUTINO | H93: 22 | I93: 0.26215278 | J93: 0.090810185 | K93: =IFERROR(J93/H93,0) -> 0.0041277357 | L93: 0.035196759 | M93: =IFERROR(L93/I93,0) -> 0.13426049 | N93: 0.0050462963 | O93: 0.012141204 | T93: 0.0065625 | U93: 0.011446759
A94: 46235 | B94: RAFAELLA BARBOSA DOS SANTOS | C94: rafaellasantos | D94: RENATA MARQUES LIMA DOS REIS | E94: BIANCA MUNIZ FERREIRA | F94: SAC | G94: VESPERTINO | H94: 15 | I94: 0.26104167 | J94: 0.082071759 | K94: =IFERROR(J94/H94,0) -> 0.0054714506 | L94: 0.048321759 | M94: =IFERROR(L94/I94,0) -> 0.18511129 | N94: 0.018831019 | O94: 0.014444444 | S94: 0.01400463 | T94: 0.00015046296 | U94: 0.00086805556
A95: 46235 | B95: RAYCA ALVES DA SILVA GONCALVES | C95: raycagoncalves | D95: MARCOS VINICIUS ALVES DE OLIVEIRA | E95: BIANCA MUNIZ FERREIRA | F95: RETENCAO | G95: MATUTINO | H95: 12 | I95: 0.25545139 | J95: 0.14978009 | K95: =IFERROR(J95/H95,0) -> 0.012481674 | L95: 0.082430556 | M95: =IFERROR(L95/I95,0) -> 0.32268588 | N95: 0.025231481 | O95: 0.021666667 | S95: 0.014247685 | T95: 0.0074305556 | U95: 0.00018518519 | W95: 0.013668981
A96: 46235 | B96: RYAN FELYPE LOURENCO REGO | C96: ryanrego | D96: RENATA MARQUES LIMA DOS REIS | E96: BIANCA MUNIZ FERREIRA | F96: SAC | G96: VESPERTINO | H96: 16 | I96: 0.26094907 | J96: 0.043946759 | K96: =IFERROR(J96/H96,0) -> 0.0027466725 | L96: 0.062094907 | M96: =IFERROR(L96/I96,0) -> 0.23795795 | N96: 0.021157407 | O96: 0.015520833 | Q96: 0.006875 | S96: 0.01431713 | T96: 0.00021990741 | W96: 0.0040046296
A97: 46235 | B97: SABRINA DA COSTA NERES | C97: sabrinaneres | D97: NICOLAS NOLBERTO MENA | E97: BIANCA MUNIZ FERREIRA | F97: RETENCAO | G97: VESPERTINO | H97: 9 | I97: 0.23866898 | J97: 0.087523148 | K97: =IFERROR(J97/H97,0) -> 0.0097247942 | L97: 0.10145833 | M97: =IFERROR(L97/I97,0) -> 0.42510063 | N97: 0.0064583333 | O97: 0.0071643519 | Q97: 0.0037152778 | S97: 0.013009259 | T97: 0.00027777778 | U97: 0.019212963 | W97: 0.05162037
A98: 46235 | B98: SABRINA SILVA DE SOUSA | C98: sabrinasousa | D98: MARCOS VINICIUS ALVES DE OLIVEIRA | E98: BIANCA MUNIZ FERREIRA | F98: RETENCAO | G98: MATUTINO | H98: 12 | I98: 0.25172454 | J98: 0.1625 | K98: =IFERROR(J98/H98,0) -> 0.013541667 | L98: 0.084421296 | M98: =IFERROR(L98/I98,0) -> 0.33537174 | N98: 0.026238426 | O98: 0.0069791667 | R98: 0.023194444 | S98: 0.017349537 | T98: 0.010034722 | U98: 0.00054398148 | W98: 6.9444444e-05
A99: 46235 | B99: SHIRLEY LUZIA DE SOUSA ANDRADE | C99: shirleyandrade | D99: RAFAEL ALVES DE LIMA | E99: BIANCA MUNIZ FERREIRA | F99: SAC | G99: MATUTINO | H99: 18 | I99: 0.26428241 | J99: 0.082916667 | K99: =IFERROR(J99/H99,0) -> 0.0046064815 | L99: 0.041550926 | M99: =IFERROR(L99/I99,0) -> 0.15722169 | N99: 0.0070949074 | O99: 0.014965278 | S99: 0.014849537 | T99: 0.0046412037
A100: 46235 | B100: SONIA CRISTINA ALVES DO CARMO | C100: soniacarmo | D100: NICOLAS NOLBERTO MENA | E100: BIANCA MUNIZ FERREIRA | F100: RETENCAO | G100: VESPERTINO | H100: 11 | I100: 0.26732639 | J100: 0.055243056 | K100: =IFERROR(J100/H100,0) -> 0.005022096 | L100: 0.12956019 | M100: =IFERROR(L100/I100,0) -> 0.48465169 | N100: 9.2592593e-05 | O100: 0.01599537 | P100: 0.00011574074 | Q100: 0.019409722 | R100: 0.0016319444 | S100: 0.019502315 | T100: 0.0011111111 | U100: 0.01 | W100: 0.061701389
A101: 46235 | B101: SOPHIA ASSIS CARDOSO | C101: sophiacardoso | D101: JENNYFER CABRERA DA CRUZ LIMA | E101: KARLA DAS DORES DE SOUSA | F101: BACKOFFICE | G101: INTEGRAL | H101: 2 | I101: 0.24952546 | J101: 0.0037268519 | K101: =IFERROR(J101/H101,0) -> 0.0018634259 | L101: 0.03005787 | M101: =IFERROR(L101/I101,0) -> 0.12046013 | O101: 0.016666667 | S101: 0.013333333 | T101: 5.787037e-05
A102: 46235 | B102: TALYTA GABRYELE SILVA SOUZA | C102: talytasouza | D102: MARCOS VINICIUS ALVES DE OLIVEIRA | E102: BIANCA MUNIZ FERREIRA | F102: RETENCAO | G102: MATUTINO | H102: 13 | I102: 0.26082176 | J102: 0.1322338 | K102: =IFERROR(J102/H102,0) -> 0.01017183 | L102: 0.12265046 | M102: =IFERROR(L102/I102,0) -> 0.47024628 | N102: 0.009212963 | O102: 0.014849537 | S102: 0.014502315 | T102: 8.1018519e-05 | U102: 0.00072916667 | W102: 0.083275463
A103: 46235 | B103: THAIS DO SOCORRO CAVALCANTE MARIANO | C103: thaismariano | D103: NICOLAS NOLBERTO MENA | E103: BIANCA MUNIZ FERREIRA | F103: RETENCAO | G103: VESPERTINO | H103: 9 | I103: 0.25510417 | J103: 0.16128472 | K103: =IFERROR(J103/H103,0) -> 0.017920525 | L103: 0.042268519 | M103: =IFERROR(L103/I103,0) -> 0.16569121 | N103: 0.0046527778 | O103: 0.012893519 | Q103: 0.0046296296 | T103: 0.00010416667 | U103: 0.0025810185 | W103: 0.017395833
A104: 46235 | B104: TRISSY DE PAULA ARAUJO | C104: trissyaraujo | D104: RAFAEL ALVES DE LIMA | E104: BIANCA MUNIZ FERREIRA | F104: SAC | G104: MATUTINO | H104: 20 | I104: 0.26076389 | J104: 0.070625 | K104: =IFERROR(J104/H104,0) -> 0.00353125 | L104: 0.04255787 | M104: =IFERROR(L104/I104,0) -> 0.16320462 | N104: 0.0039930556 | O104: 0.015208333 | Q104: 0.0019907407 | S104: 0.014791667 | T104: 0.00087962963 | W104: 0.0056944444
A105: 46235 | B105: VALDELICIA VIEIRA LIMA | C105: valdelicialima | D105: MARCOS VINICIUS ALVES DE OLIVEIRA | E105: BIANCA MUNIZ FERREIRA | F105: RETENCAO | G105: MATUTINO | H105: 15 | I105: 0.26815972 | J105: 0.18912037 | K105: =IFERROR(J105/H105,0) -> 0.012608025 | L105: 0.045868056 | M105: =IFERROR(L105/I105,0) -> 0.17104752 | O105: 0.014212963 | S105: 0.013923611 | T105: 5.787037e-05 | U105: 0.016481481 | W105: 0.0011805556
A106: 46235 | B106: WANESSA MORAES FILGUEIRA | C106: wanessafilgueira | D106: PAULA FERNANDA ALVES | E106: KARLA DAS DORES DE SOUSA | F106: COBRANCA | G106: MATUTINO | H106: 6 | I106: 0.28488426 | J106: 0.024907407 | K106: =IFERROR(J106/H106,0) -> 0.0041512346 | L106: 0.067638889 | M106: =IFERROR(L106/I106,0) -> 0.23742586 | N106: 0.0088194444 | O106: 0.013321759 | Q106: 0.026574074 | S106: 0.013530093 | T106: 6.9444444e-05 | U106: 0.005
A107: 46235 | B107: WANESSA YASMIM DE ALMEIDA CHAVES | C107: wanessachaves | D107: RAFAEL ALVES DE LIMA | E107: BIANCA MUNIZ FERREIRA | F107: SAC | G107: MATUTINO | H107: 29 | I107: 0.25784722 | J107: 0.051516204 | K107: =IFERROR(J107/H107,0) -> 0.0017764208 | L107: 0.03875 | M107: =IFERROR(L107/I107,0) -> 0.15028279 | N107: 0.0074884259 | O107: 0.014884259 | Q107: 0.00039351852 | S107: 0.015590278 | T107: 0.00039351852
A108: 46235 | B108: WILDSON DOS ANJOS FELIPE | C108: wildsonfelipe | D108: MARCOS VINICIUS ALVES DE OLIVEIRA | E108: BIANCA MUNIZ FERREIRA | F108: RETENCAO | G108: MATUTINO | H108: 10 | I108: 0.27881944 | J108: 0.21887731 | K108: =IFERROR(J108/H108,0) -> 0.021887731 | L108: 0.051412037 | M108: =IFERROR(L108/I108,0) -> 0.18439186 | N108: 0.0027083333 | O108: 0.0079282407 | S108: 0.013900463 | T108: 0.00010416667 | U108: 0.00070601852 | W108: 0.026064815
A109: 46235 | B109: YARA DO CARMO DA CONCEICAO | C109: yaraconceicao | D109: REGINALDO SOUSA BARBOSA | E109: KARLA DAS DORES DE SOUSA | F109: COBRANCA | G109: VESPERTINO | H109: 16 | I109: 0.25929398 | J109: 0.039386574 | K109: =IFERROR(J109/H109,0) -> 0.0024616609 | L109: 0.028854167 | M109: =IFERROR(L109/I109,0) -> 0.11127974 | N109: 0.00053240741 | O109: 0.01431713 | S109: 0.01375 | T109: 0.00015046296 | U109: 9.2592593e-05
A110: 46235 | B110: YSABELY YSTEFFANY ANTONIO SANTOS | C110: ysabellysantos | D110: REGINALDO SOUSA BARBOSA | E110: KARLA DAS DORES DE SOUSA | F110: COBRANCA | G110: VESPERTINO | H110: 7 | I110: 0.25763889 | J110: 0.017118056 | K110: =IFERROR(J110/H110,0) -> 0.0024454365 | L110: 0.035856481 | M110: =IFERROR(L110/I110,0) -> 0.13917341 | N110: 0.0061458333 | O110: 0.029641204 | T110: 6.9444444e-05
A111: 46237 | B111: ADRIAM DA CONCEICAO SILVA | C111: adriamsilva | D111: JENNYFER CABRERA DA CRUZ LIMA | E111: KARLA DAS DORES DE SOUSA | F111: BACKOFFICE | G111: VESPERTINO | H111: 5 | I111: 0.26290509 | J111: 0.0071296296 | K111: =IFERROR(J111/H111,0) -> 0.0014259259 | L111: 0.061585648 | M111: =IFERROR(L111/I111,0) -> 0.2342505 | N111: 0.018460648 | O111: 0.020659722 | Q111: 0.0071759259 | S111: 0.015104167 | T111: 0.00011574074 | U111: 5.787037e-05
A112: 46237 | B112: ALAINE BARBOSA RIBEIRO | C112: alaineribeiro | D112: RAFAEL ALVES DE LIMA | E112: BIANCA MUNIZ FERREIRA | F112: SAC | G112: MATUTINO | H112: 25 | I112: 0.25465278 | J112: 0.13630787 | K112: =IFERROR(J112/H112,0) -> 0.0054523148 | L112: 0.044537037 | M112: =IFERROR(L112/I112,0) -> 0.17489319 | N112: 0.0095949074 | O112: 0.012916667 | P112: 0.0037268519 | S112: 0.014247685 | T112: 0.00010416667 | U112: 0.003900463
...

Sheet Análise por Fila
A1: ANÁLISE POR FILA DE ATENDIMENTO — HUBMAIS
A4: SEGMENTAÇÕES
A14: INDICADORES (apenas das linhas visíveis após filtro)
A15: Chamadas | C15: TMA Médio | E15: Tempo Total Falado | G15: Tempo Total Pausa | I15: % Pausa
A16: =SUBTOTAL(109,tblAnaliseFila[Chamadas]) -> 23493 | C16: =IFERROR(SUBTOTAL(109,tblAnaliseFila[Tempo Falado])/SUBTOTAL(109,tblAnaliseFila[Chamadas]),0) -> 0.0061196691 | E16: =SUBTOTAL(109,tblAnaliseFila[Tempo Falado]) -> 143.76939 | G16: =SUBTOTAL(109,tblAnaliseFila[Pausa]) -> 142.40293 | I16: =IFERROR(SUBTOTAL(109,tblAnaliseFila[Pausa])/SUBTOTAL(109,tblAnaliseFila[Tempo Logado]),0) -> 0.34990572
E18: ℹ % Pausa: considera só quem atendeu chamada (1 linha por agente × fila); quem logou e não atendeu não entra aqui (por isso fica menor que no Painel).
A19: BASE DE DADOS (1 linha por agente × fila × dia)
A20: Data | B20: Fila de Atendimento | C20: Agente | D20: Área Fixa (Escala) | E20: Chamadas | F20: Tempo Falado | G20: TMA | H20: Tempo Logado | I20: Pausa | J20: % Pausa | K20: Nome Completo | L20: Supervisor
A21: 46235 | B21: COBRANCA | C21: alexandresantos | D21: COBRANCA | E21: 4 | F21: 0.0071875 | G21: 0.001796875 | H21: 0.069134241 | I21: 0.008598276 | J21: 0.12437073 | K21: ALEXANDRE LOPES DOS SANTOS | L21: REGINALDO SOUSA BARBOSA
A22: 46235 | B22: COBRANCA | C22: carlacampelo | D22: COBRANCA | E22: 12 | F22: 0.020162037 | G22: 0.0016801698 | H22: 0.18281047 | I22: 0.032059239 | J22: 0.17536873 | K22: CARLA RAYNARA CAMPELO COSTA | L22: PAULA FERNANDA ALVES
A23: 46235 | B23: COBRANCA | C23: daianesilva | D23: COBRANCA | E23: 13 | F23: 0.019143519 | G23: 0.0014725783 | H23: 0.15857576 | I23: 0.035279469 | J23: 0.22247706 | K23: DAIANE FERREIRA DA SILVA | L23: PAULA FERNANDA ALVES
A24: 46235 | B24: COBRANCA | C24: eduardomarques | D24: COBRANCA | E24: 10 | F24: 0.0067361111 | G24: 0.00067361111 | H24: 0.17908237 | I24: 0.041277794 | J24: 0.23049614 | K24: EDUARDO BARBOSA MARQUES | L24: PAULA FERNANDA ALVES
A25: 46235 | B25: COBRANCA | C25: gabrielasantos | D25: COBRANCA | E25: 8 | F25: 0.051747685 | G25: 0.0064684606 | H25: 0.26218443 | I25: 0.068850929 | J25: 0.26260495 | K25: GABRIELA PIRES DOS SANTOS | L25: PAULA FERNANDA ALVES
A26: 46235 | B26: COBRANCA | C26: ivoneideferreira | D26: COBRANCA | E26: 10 | F26: 0.026018519 | G26: 0.0026018519 | H26: 0.18695306 | I26: 0.021524336 | J26: 0.1151323 | K26: IVONEIDE DUARTE FERREIRA | L26: REGINALDO SOUSA BARBOSA
A27: 46235 | B27: COBRANCA | C27: jeovannaferreira | D27: COBRANCA | E27: 9 | F27: 0.012905093 | G27: 0.0014338992 | H27: 0.095488491 | I27: 0.017159427 | J27: 0.17970152 | K27: JEOVANNA DE LIMA FERREIRA | L27: PAULA FERNANDA ALVES
A28: 46235 | B28: COBRANCA | C28: joaocruz | D28: COBRANCA | E28: 9 | F28: 0.020081019 | G28: 0.0022312243 | H28: 0.14380726 | I28: 0.025811061 | J28: 0.17948372 | K28: JOAO VITOR VIEIRA DA CRUZ | L28: PAULA FERNANDA ALVES
A29: 46235 | B29: COBRANCA | C29: joaosantos | D29: COBRANCA | E29: 7 | F29: 0.020231481 | G29: 0.0028902116 | H29: 0.14837095 | I29: 0.020495018 | J29: 0.13813362 | K29: JOAO PEDRO DE SOUZA SANTOS | L29: REGINALDO SOUSA BARBOSA
A30: 46235 | B30: COBRANCA | C30: kalissagoncalves | D30: COBRANCA | E30: 7 | F30: 0.012326389 | G30: 0.0017609127 | H30: 0.13074074 | I30: 0.020416667 | J30: 0.15616147 | K30: KALISSA VALERIO GONCALVES | L30: REGINALDO SOUSA BARBOSA
A31: 46235 | B31: COBRANCA | C31: karolynyassis | D31: COBRANCA | E31: 5 | F31: 0.025428241 | G31: 0.0050856481 | H31: 0.16946513 | I31: 0.038065353 | J31: 0.22462056 | K31: KAROLYNY KELLY OLIVEIRA ASSIS | L31: PAULA FERNANDA ALVES
A32: 46235 | B32: COBRANCA | C32: laissilva | D32: COBRANCA | E32: 8 | F32: 0.013703704 | G32: 0.001712963 | H32: 0.15025577 | I32: 0.03187045 | J32: 0.21210799 | K32: LAIS RIBEIRO DA SILVA | L32: PAULA FERNANDA ALVES
... A1811: 46253 | B1811: VENDAS | C1811: keythmorais | D1811: VENDAS | E1811: 45 | F1811: 0.077430556 | G1811: 0.001720679 | H1811: 0.24478009 | I1811: 0.10929398 | J1811: 0.44649865 | K1811: KEYTH RODRIGUES DE MORAIS | L1811: MARCOS VINICIUS ALVES DE OLIVEIRA

Sheet Atendimento Fila
A1: ATENDIMENTO POR FILA — HUBMAIS
A4: SEGMENTAÇÕES
A14: INDICADORES (apenas das linhas visíveis após filtro)
A15: Chamadas | D15: TMA Médio | F15: Tempo Total Falado
A16: =SUBTOTAL(109,tblFila[Chamadas]) -> 23493 | D16: =IFERROR(SUBTOTAL(109,tblFila[Tempo Falado])/SUBTOTAL(109,tblFila[Chamadas]),0) -> 0.0061196691 | F16: =SUBTOTAL(109,tblFila[Tempo Falado]) -> 143.76939
A19: BASE DE DADOS (1 linha por agente × fila × dia)
A20: Data | B20: Agente | C20: Área Fixa (Escala) | D20: Fila de Atendimento | E20: Chamadas | F20: Tempo Falado | G20: TMA | H20: Nome Completo | I20: Supervisor
A21: 46235 | B21: alaineribeiro | C21: SAC | D21: SAC | E21: 12 | F21: 0.11768519 | G21: 0.0098070988 | H21: ALAINE BARBOSA RIBEIRO | I21: RAFAEL ALVES DE LIMA
A22: 46235 | B22: alexandresantos | C22: COBRANCA | D22: COBRANCA | E22: 4 | F22: 0.0071875 | G22: 0.001796875 | H22: ALEXANDRE LOPES DOS SANTOS | I22: REGINALDO SOUSA BARBOSA
A23: 46235 | B23: alexandresantos | C23: COBRANCA | D23: SAC | E23: 4 | F23: 0.019583333 | G23: 0.0048958333 | H23: ALEXANDRE LOPES DOS SANTOS | I23: REGINALDO SOUSA BARBOSA
A24: 46235 | B24: amandaalves | C24: SAC | D24: SAC | E24: 23 | F24: 0.089826389 | G24: 0.0039054952 | H24: AMANDA LORENA ALVES | I24: RAFAEL ALVES DE LIMA
A25: 46235 | B25: anandavieira | C25: SAC | D25: SAC | E25: 23 | F25: 0.059143519 | G25: 0.0025714573 | H25: ANANDA SANTOS VIEIRA | I25: RAFAEL ALVES DE LIMA
A26: 46235 | B26: andressasantos | C26: SAC | D26: SAC | E26: 24 | F26: 0.078842593 | G26: 0.003285108 | H26: ANDRESSA PEREIRA DOS SANTOS | I26: RAFAEL ALVES DE LIMA
A27: 46235 | B27: arienenascimento | C27: SAC | D27: SAC | E27: 3 | F27: 0.013587963 | G27: 0.004529321 | H27: ARIENE GONCALVES DE MORAES NASCIMENTO | I27: RAFAEL ALVES DE LIMA
A28: 46235 | B28: barbaradias | C28: SAC | D28: SAC | E28: 3 | F28: 0.0077546296 | G28: 0.0025848765 | H28: BARBARA GLENDA DONIZETE DIAS | I28: RAFAEL ALVES DE LIMA
A29: 46235 | B29: brendoluz | C29: RETENCAO | D29: RETENCAO | E29: 8 | F29: 0.057731481 | G29: 0.0072164352 | H29: BRENDO ARAUJO DA LUZ | I29: NICOLAS NOLBERTO MENA
A30: 46235 | B30: camilachagas | C30: RETENCAO | D30: RETENCAO | E30: 7 | F30: 0.035069444 | G30: 0.0050099206 | H30: CAMILA OLIVEIRA DAS CHAGAS | I30: NICOLAS NOLBERTO MENA
A31: 46235 | B31: carlacampelo | C31: COBRANCA | D31: COBRANCA | E31: 12 | F31: 0.020162037 | G31: 0.0016801698 | H31: CARLA RAYNARA CAMPELO COSTA | I31: PAULA FERNANDA ALVES
A32: 46235 | B32: carlacampelo | C32: COBRANCA | D32: SAC | E32: 7 | F32: 0.0090046296 | G32: 0.0012863757 | H32: CARLA RAYNARA CAMPELO COSTA | I32: PAULA FERNANDA ALVES
... A1811: 46253 | B1811: yaraconceicao | C1811: COBRANCA | D1811: SAC | E1811: 8 | F1811: 0.021018519 | G1811: 0.0026273148 | H1811: YARA DO CARMO DA CONCEICAO | I1811: REGINALDO SOUSA BARBOSA

Sheet Visão Diária
A1: VISÃO DIÁRIA — EVOLUÇÃO DA OPERAÇÃO
A4: Data | B4: Dia da Semana | C4: # Agentes Ativos | D4: Chamadas | E4: Tempo Logado | F4: Tempo Falado | G4: TMA Médio | H4: Tempo Pausado | I4: Pausa % Login | J4: Logado/Agente | K4: Falado/Agente | L4: Pausado/Agente
A5: 46235 | B5: Sábado | C5: =COUNTIFS(Diário!$A:$A,A5) -> 90 | D5: =SUMIFS(Diário!$G:$G,Diário!$A:$A,A5) -> 1077 | E5: =SUMIFS(Diário!$H:$H,Diário!$A:$A,A5) -> 22.201887 | F5: =SUMIFS(Diário!$I:$I,Diário!$A:$A,A5) -> 6.9651736 | G5: =IFERROR(F5/D5,0) -> 0.0064671991 | H5: =SUMIFS(Diário!$K:$K,Diário!$A:$A,A5) -> 6.7243403 | I5: =IFERROR(H5/E5,0) -> 0.30287247 | J5: =IFERROR(E5/C5,0) -> 0.24668763 | K5: =IFERROR(F5/C5,0) -> 0.077390822 | L5: =IFERROR(H5/C5,0) -> 0.074714896
A6: 46237 | B6: Segunda | C6: =COUNTIFS(Diário!$A:$A,A6) -> 104 | D6: =SUMIFS(Diário!$G:$G,Diário!$A:$A,A6) -> 1829 | E6: =SUMIFS(Diário!$H:$H,Diário!$A:$A,A6) -> 27.122766 | F6: =SUMIFS(Diário!$I:$I,Diário!$A:$A,A6) -> 13.627407 | G6: =IFERROR(F6/D6,0) -> 0.0074507407 | H6: =SUMIFS(Diário!$K:$K,Diário!$A:$A,A6) -> 8.5208565 | I6: =IFERROR(H6/E6,0) -> 0.31415883 | J6: =IFERROR(E6/C6,0) -> 0.26079583 | K6: =IFERROR(F6/C6,0) -> 0.13103277 | L6: =IFERROR(H6/C6,0) -> 0.081931308
A7: 46238 | B7: Terça | C7: =COUNTIFS(Diário!$A:$A,A7) -> 107 | D7: =SUMIFS(Diário!$G:$G,Diário!$A:$A,A7) -> 1937 | E7: =SUMIFS(Diário!$H:$H,Diário!$A:$A,A7) -> 25.844178 | F7: =SUMIFS(Diário!$I:$I,Diário!$A:$A,A7) -> 13.427164 | G7: =IFERROR(F7/D7,0) -> 0.0069319329 | H7: =SUMIFS(Diário!$K:$K,Diário!$A:$A,A7) -> 9.6403704 | I7: =IFERROR(H7/E7,0) -> 0.37301903 | J7: =IFERROR(E7/C7,0) -> 0.24153437 | K7: =IFERROR(F7/C7,0) -> 0.12548751 | L7: =IFERROR(H7/C7,0) -> 0.090096921
A8: 46239 | B8: Quarta | C8: =COUNTIFS(Diário!$A:$A,A8) -> 107 | D8: =SUMIFS(Diário!$G:$G,Diário!$A:$A,A8) -> 1730 | E8: =SUMIFS(Diário!$H:$H,Diário!$A:$A,A8) -> 27.187025 | F8: =SUMIFS(Diário!$I:$I,Diário!$A:$A,A8) -> 13.533762 | G8: =IFERROR(F8/D8,0) -> 0.0078229861 | H8: =SUMIFS(Diário!$K:$K,Diário!$A:$A,A8) -> 8.9863657 | I8: =IFERROR(H8/E8,0) -> 0.33053876 | J8: =IFERROR(E8/C8,0) -> 0.25408435 | K8: =IFERROR(F8/C8,0) -> 0.12648375 | L8: =IFERROR(H8/C8,0) -> 0.083984722
A9: 46240 | B9: Quinta | C9: =COUNTIFS(Diário!$A:$A,A9) -> 106 | D9: =SUMIFS(Diário!$G:$G,Diário!$A:$A,A9) -> 1542 | E9: =SUMIFS(Diário!$H:$H,Diário!$A:$A,A9) -> 26.17728 | F9: =SUMIFS(Diário!$I:$I,Diário!$A:$A,A9) -> 10.376829 | G9: =IFERROR(F9/D9,0) -> 0.006729456 | H9: =SUMIFS(Diário!$K:$K,Diário!$A:$A,A9) -> 9.3818403 | I9: =IFERROR(H9/E9,0) -> 0.3583963 | J9: =IFERROR(E9/C9,0) -> 0.24695547 | K9: =IFERROR(F9/C9,0) -> 0.097894606 | L9: =IFERROR(H9/C9,0) -> 0.088507928
A10: 46241 | B10: Sexta | C10: =COUNTIFS(Diário!$A:$A,A10) -> 100 | D10: =SUMIFS(Diário!$G:$G,Diário!$A:$A,A10) -> 1385 | E10: =SUMIFS(Diário!$H:$H,Diário!$A:$A,A10) -> 24.520799 | F10: =SUMIFS(Diário!$I:$I,Diário!$A:$A,A10) -> 8.800463 | G10: =IFERROR(F10/D10,0) -> 0.0063541204 | H10: =SUMIFS(Diário!$K:$K,Diário!$A:$A,A10) -> 9.7510532 | I10: =IFERROR(H10/E10,0) -> 0.39766459 | J10: =IFERROR(E10/C10,0) -> 0.24520799 | K10: =IFERROR(F10/C10,0) -> 0.08800463 | L10: =IFERROR(H10/C10,0) -> 0.097510532
A11: 46242 | B11: Sábado | C11: =COUNTIFS(Diário!$A:$A,A11) -> 86 | D11: =SUMIFS(Diário!$G:$G,Diário!$A:$A,A11) -> 773 | E11: =SUMIFS(Diário!$H:$H,Diário!$A:$A,A11) -> 19.602072 | F11: =SUMIFS(Diário!$I:$I,Diário!$A:$A,A11) -> 4.1086806 | G11: =IFERROR(F11/D11,0) -> 0.0053152431 | H11: =SUMIFS(Diário!$K:$K,Diário!$A:$A,A11) -> 8.5507292 | I11: =IFERROR(H11/E11,0) -> 0.43621558 | J11: =IFERROR(E11/C11,0) -> 0.22793106 | K11: =IFERROR(F11/C11,0) -> 0.047775359 | L11: =IFERROR(H11/C11,0) -> 0.099427083
A12: 46244 | B12: Segunda | C12: =COUNTIFS(Diário!$A:$A,A12) -> 98 | D12: =SUMIFS(Diário!$G:$G,Diário!$A:$A,A12) -> 1544 | E12: =SUMIFS(Diário!$H:$H,Diário!$A:$A,A12) -> 24.774306 | F12: =SUMIFS(Diário!$I:$I,Diário!$A:$A,A12) -> 8.3757755 | G12: =IFERROR(F12/D12,0) -> 0.0054247222 | H12: =SUMIFS(Diário!$K:$K,Diário!$A:$A,A12) -> 10.28206 | I12: =IFERROR(H12/E12,0) -> 0.4150292 | J12: =IFERROR(E12/C12,0) -> 0.25279904 | K12: =IFERROR(F12/C12,0) -> 0.085467095 | L12: =IFERROR(H12/C12,0) -> 0.10491898
A13: 46245 | B13: Terça | C13: =COUNTIFS(Diário!$A:$A,A13) -> 99 | D13: =SUMIFS(Diário!$G:$G,Diário!$A:$A,A13) -> 1394 | E13: =SUMIFS(Diário!$H:$H,Diário!$A:$A,A13) -> 25.61522 | F13: =SUMIFS(Diário!$I:$I,Diário!$A:$A,A13) -> 7.9453819 | G13: =IFERROR(F13/D13,0) -> 0.0056996991 | H13: =SUMIFS(Diário!$K:$K,Diário!$A:$A,A13) -> 10.113808 | I13: =IFERROR(H13/E13,0) -> 0.39483588 | J13: =IFERROR(E13/C13,0) -> 0.25873959 | K13: =IFERROR(F13/C13,0) -> 0.080256389 | L13: =IFERROR(H13/C13,0) -> 0.10215968
A14: 46246 | B14: Quarta | C14: =COUNTIFS(Diário!$A:$A,A14) -> 102 | D14: =SUMIFS(Diário!$G:$G,Diário!$A:$A,A14) -> 1610 | E14: =SUMIFS(Diário!$H:$H,Diário!$A:$A,A14) -> 26.801655 | F14: =SUMIFS(Diário!$I:$I,Diário!$A:$A,A14) -> 9.7704167 | G14: =IFERROR(F14/D14,0) -> 0.0060685764 | H14: =SUMIFS(Diário!$K:$K,Diário!$A:$A,A14) -> 10.584306 | I14: =IFERROR(H14/E14,0) -> 0.39491239 | J14: =IFERROR(E14/C14,0) -> 0.26276132 | K14: =IFERROR(F14/C14,0) -> 0.095788403 | L14: =IFERROR(H14/C14,0) -> 0.1037677
A15: 46247 | B15: Quinta | C15: =COUNTIFS(Diário!$A:$A,A15) -> 101 | D15: =SUMIFS(Diário!$G:$G,Diário!$A:$A,A15) -> 1251 | E15: =SUMIFS(Diário!$H:$H,Diário!$A:$A,A15) -> 0 | F15: =SUMIFS(Diário!$I:$I,Diário!$A:$A,A15) -> 7.2474653 | G15: =IFERROR(F15/D15,0) -> 0.0057933333 | H15: =SUMIFS(Diário!$K:$K,Diário!$A:$A,A15) -> 0 | I15: =IFERROR(H15/E15,0) -> 0 | J15: =IFERROR(E15/C15,0) -> 0 | K15: =IFERROR(F15/C15,0) -> 0.071757083 | L15: =IFERROR(H15/C15,0) -> 0
A16: 46248 | B16: Sexta | C16: =COUNTIFS(Diário!$A:$A,A16) -> 99 | D16: =SUMIFS(Diário!$G:$G,Diário!$A:$A,A16) -> 1263 | E16: =SUMIFS(Diário!$H:$H,Diário!$A:$A,A16) -> 24.173576 | F16: =SUMIFS(Diário!$I:$I,Diário!$A:$A,A16) -> 6.244213 | G16: =IFERROR(F16/D16,0) -> 0.0049439583 | H16: =SUMIFS(Diário!$K:$K,Diário!$A:$A,A16) -> 10.280081 | I16: =IFERROR(H16/E16,0) -> 0.42526107 | J16: =IFERROR(E16/C16,0) -> 0.24417753 | K16: =IFERROR(F16/C16,0) -> 0.063072859 | L16: =IFERROR(H16/C16,0) -> 0.1038392
... A20: 46253 | B20: Quarta | C20: =COUNTIFS(Diário!$A:$A,A20) -> 97 | D20: =SUMIFS(Diário!$G:$G,Diário!$A:$A,A20) -> 1564 | E20: =SUMIFS(Diário!$H:$H,Diário!$A:$A,A20) -> 25.042512 | F20: =SUMIFS(Diário!$I:$I,Diário!$A:$A,A20) -> 8.0159722 | G20: =IFERROR(F20/D20,0) -> 0.0051253009 | H20: =SUMIFS(Diário!$K:$K,Diário!$A:$A,A20) -> 8.4410532 | I20: =IFERROR(H20/E20,0) -> 0.33706896 | J20: =IFERROR(E20/C20,0) -> 0.25817022 | K20: =IFERROR(F20/C20,0) -> 0.082638889 | L20: =IFERROR(H20/C20,0) -> 0.087021169
A21: TOTAL | C21: =ROUND(AVERAGE(C5:C20),0) -> 99 | D21: =SUM(D5:D20) -> 23493 | E21: =SUM(E5:E20) -> 371.07391 | F21: =SUM(F5:F20) -> 143.76939 | G21: =AVERAGE(G5:G20) -> 0.0060224769 | H21: =SUM(H5:H20) -> 139.45679 | I21: =IFERROR(H21/E21,0) -> 0.37581945 | J21: =SUM(J5:J20) -> 3.7588202 | K21: =SUM(K5:K20) -> 1.4357708 | L21: =SUM(L5:L20) -> 1.4168739

Sheet Faltas do Dia
B2: FALTAS DO DIA
B3: Data: | C3: 46253
B5: Total esperados (ativos): | C5: =COUNTA(B10:B125) -> 116
B6: Total FALTARAM: | C6: =COUNTIF(I10:I125,"FALTOU") -> 20
B7: Total trabalharam: | C7: =COUNTIF(I10:I125,"TRABALHOU") -> 96
B9: Agente | C9: Supervisor | D9: Coordenador | E9: Área | F9: Turno | G9: Cargo | H9: Status | I9: Logou?
B10: ADRIAM DA CONCEICAO SILVA | C10: JENNYFER CABRERA DA CRUZ LIMA | D10: KARLA DAS DORES DE SOUSA | E10: BACKOFFICE | F10: VESPERTINO | G10: OPERADOR DE TELEMARKETING II | H10: ATIVIDADE NORMAL | I10: =IF(COUNTIFS(Diário!$B:$B,B10,Diário!$A:$A,$C$3)=0,"FALTOU","TRABALHOU") -> TRABALHOU | K10: 46174
B11: ANA PAULA NASCIMENTO MONTEIRO | C11: JENNYFER CABRERA DA CRUZ LIMA | D11: KARLA DAS DORES DE SOUSA | E11: BACKOFFICE | F11: INTEGRAL | G11: OPERADOR DE TELEMARKETING II | H11: ATIVIDADE NORMAL | I11: =IF(COUNTIFS(Diário!$B:$B,B11,Diário!$A:$A,$C$3)=0,"FALTOU","TRABALHOU") -> TRABALHOU | K11: 46175
B12: CAMILA MORAIS PIERI | C12: JENNYFER CABRERA DA CRUZ LIMA | D12: KARLA DAS DORES DE SOUSA | E12: BACKOFFICE | F12: INTEGRAL | G12: OPERADOR DE TELEMARKETING II | H12: ATIVIDADE NORMAL | I12: =IF(COUNTIFS(Diário!$B:$B,B12,Diário!$A:$A,$C$3)=0,"FALTOU","TRABALHOU") -> TRABALHOU | K12: 46176
B13: DIVINA DOS REIS PEREIRA SANTOS | C13: JENNYFER CABRERA DA CRUZ LIMA | D13: KARLA DAS DORES DE SOUSA | E13: BACKOFFICE | F13: INTEGRAL | G13: OPERADOR DE TELEMARKETING II | H13: ATIVIDADE NORMAL | I13: =IF(COUNTIFS(Diário!$B:$B,B13,Diário!$A:$A,$C$3)=0,"FALTOU","TRABALHOU") -> TRABALHOU | K13: 46177
B14: EDIVANEA LIMA LUNA | C14: JENNYFER CABRERA DA CRUZ LIMA | D14: KARLA DAS DORES DE SOUSA | E14: BACKOFFICE | F14: INTEGRAL | G14: OPERADOR DE TELEMARKETING II | H14: ATIVIDADE NORMAL | I14: =IF(COUNTIFS(Diário!$B:$B,B14,Diário!$A:$A,$C$3)=0,"FALTOU","TRABALHOU") -> TRABALHOU | K14: 46178
B15: HUMBERTO FELIPE SANTANA RODRIGUES | C15: JENNYFER CABRERA DA CRUZ LIMA | D15: KARLA DAS DORES DE SOUSA | E15: BACKOFFICE | F15: INTEGRAL | G15: OPERADOR DE TELEMARKETING II | H15: ATIVIDADE NORMAL | I15: =IF(COUNTIFS(Diário!$B:$B,B15,Diário!$A:$A,$C$3)=0,"FALTOU","TRABALHOU") -> TRABALHOU | K15: 46179
B16: ISABELA MENDES DAS NEVES | C16: JENNYFER CABRERA DA CRUZ LIMA | D16: KARLA DAS DORES DE SOUSA | E16: BACKOFFICE | F16: INTEGRAL | G16: OPERADOR DE TELEMARKETING II | H16: ATIVIDADE NORMAL | I16: =IF(COUNTIFS(Diário!$B:$B,B16,Diário!$A:$A,$C$3)=0,"FALTOU","TRABALHOU") -> TRABALHOU | K16: 46181
B17: JULIANA DIAS NEVES | C17: JENNYFER CABRERA DA CRUZ LIMA | D17: KARLA DAS DORES DE SOUSA | E17: BACKOFFICE | F17: INTEGRAL | G17: OPERADOR DE TELEMARKETING II | H17: ATIVIDADE NORMAL | I17: =IF(COUNTIFS(Diário!$B:$B,B17,Diário!$A:$A,$C$3)=0,"FALTOU","TRABALHOU") -> FALTOU | K17: 46182
B18: KEILA GOMES DA COSTA NEVES DE MENDONCA | C18: JENNYFER CABRERA DA CRUZ LIMA | D18: KARLA DAS DORES DE SOUSA | E18: BACKOFFICE | F18: INTEGRAL | G18: OPERADOR DE TELEMARKETING II | H18: ATIVIDADE NORMAL | I18: =IF(COUNTIFS(Diário!$B:$B,B18,Diário!$A:$A,$C$3)=0,"FALTOU","TRABALHOU") -> TRABALHOU | K18: 46183
B19: KEMELLY CAMILO TOMAZ | C19: JENNYFER CABRERA DA CRUZ LIMA | D19: KARLA DAS DORES DE SOUSA | E19: BACKOFFICE | F19: INTEGRAL | G19: OPERADOR DE TELEMARKETING II | H19: ATIVIDADE NORMAL | I19: =IF(COUNTIFS(Diário!$B:$B,B19,Diário!$A:$A,$C$3)=0,"FALTOU","TRABALHOU") -> TRABALHOU | K19: 46184
B20: LUCAS HENRIQUE DIAS SOARES | C20: JENNYFER CABRERA DA CRUZ LIMA | D20: KARLA DAS DORES DE SOUSA | E20: BACKOFFICE | F20: MATUTINO | G20: OPERADOR DE TELEMARKETING II | H20: ATIVIDADE NORMAL | I20: =IF(COUNTIFS(Diário!$B:$B,B20,Diário!$A:$A,$C$3)=0,"FALTOU","TRABALHOU") -> TRABALHOU | K20: 46185
B21: MARIA EDUARDA CARNEIRO RIBEIRO RECO | C21: JENNYFER CABRERA DA CRUZ LIMA | D21: KARLA DAS DORES DE SOUSA | E21: BACKOFFICE | F21: INTEGRAL | G21: OPERADOR DE TELEMARKETING II | H21: ATIVIDADE NORMAL | I21: =IF(COUNTIFS(Diário!$B:$B,B21,Diário!$A:$A,$C$3)=0,"FALTOU","TRABALHOU") -> TRABALHOU | K21: 46186
B22: SOPHIA ASSIS CARDOSO | C22: JENNYFER CABRERA DA CRUZ LIMA | D22: KARLA DAS DORES DE SOUSA | E22: BACKOFFICE | F22: INTEGRAL | G22: OPERADOR DE TELEMARKETING II | H22: ATIVIDADE NORMAL | I22: =IF(COUNTIFS(Diário!$B:$B,B22,Diário!$A:$A,$C$3)=0,"FALTOU","TRABALHOU") -> TRABALHOU | K22: 46188
B23: THAYLA VITORIA LIMA DOS SANTOS | C23: JENNYFER CABRERA DA CRUZ LIMA | D23: KARLA DAS DORES DE SOUSA | E23: BACKOFFICE | F23: VESPERTINO | G23: OPERADOR DE TELEMARKETING II | H23: ATIVIDADE NORMAL | I23: =IF(COUNTIFS(Diário!$B:$B,B23,Diário!$A:$A,$C$3)=0,"FALTOU","TRABALHOU") -> TRABALHOU
B24: ZIRLENE SOUZA SILVA LOPO | C24: JENNYFER CABRERA DA CRUZ LIMA | D24: KARLA DAS DORES DE SOUSA | E24: QUALIDADE | F24: MATUTINO | G24: MONITOR | H24: ATIVIDADE NORMAL | I24: =IF(COUNTIFS(Diário!$B:$B,B24,Diário!$A:$A,$C$3)=0,"FALTOU","TRABALHOU") -> FALTOU
B25: ANA JULIA LOPES DE CASTRO | C25: MARCOS VINICIUS ALVES DE OLIVEIRA | D25: BIANCA MUNIZ FERREIRA | E25: RETENCAO | F25: MATUTINO | G25: OPERADOR DE TELEMARKETING I | H25: ATIVIDADE NORMAL | I25: =IF(COUNTIFS(Diário!$B:$B,B25,Diário!$A:$A,$C$3)=0,"FALTOU","TRABALHOU") -> TRABALHOU
B26: ANNE HELOIZA NOGUEIRA SANTOS | C26: MARCOS VINICIUS ALVES DE OLIVEIRA | D26: BIANCA MUNIZ FERREIRA | E26: RETENCAO | F26: MATUTINO | G26: OPERADOR DE TELEMARKETING I | H26: ATIVIDADE NORMAL | I26: =IF(COUNTIFS(Diário!$B:$B,B26,Diário!$A:$A,$C$3)=0,"FALTOU","TRABALHOU") -> FALTOU
B27: DANDARA MONTEIRO OLIVEIRA | C27: MARCOS VINICIUS ALVES DE OLIVEIRA | D27: BIANCA MUNIZ FERREIRA | E27: RETENCAO | F27: MATUTINO | G27: OPERADOR DE TELEMARKETING I | H27: ATIVIDADE NORMAL | I27: =IF(COUNTIFS(Diário!$B:$B,B27,Diário!$A:$A,$C$3)=0,"FALTOU","TRABALHOU") -> TRABALHOU
B28: DANILLO BARBOSA OLIVEIRA | C28: MARCOS VINICIUS ALVES DE OLIVEIRA | D28: BIANCA MUNIZ FERREIRA | E28: RETENCAO | F28: MATUTINO | G28: OPERADOR DE TELEMARKETING I | H28: ATIVIDADE NORMAL | I28: =IF(COUNTIFS(Diário!$B:$B,B28,Diário!$A:$A,$C$3)=0,"FALTOU","TRABALHOU") -> TRABALHOU
B29: DEBORA BRAGA DE MATOS AQUINO | C29: MARCOS VINICIUS ALVES DE OLIVEIRA | D29: BIANCA MUNIZ FERREIRA | E29: RETENCAO | F29: MATUTINO | G29: OPERADOR DE TELEMARKETING I | H29: ATIVIDADE NORMAL | I29: =IF(COUNTIFS(Diário!$B:$B,B29,Diário!$A:$A,$C$3)=0,"FALTOU","TRABALHOU") -> TRABALHOU
B30: FABIO BORGES DOS SANTOS FILHO | C30: MARCOS VINICIUS ALVES DE OLIVEIRA | D30: BIANCA MUNIZ FERREIRA | E30: RETENCAO | F30: MATUTINO | G30: OPERADOR DE TELEMARKETING I | H30: ATIVIDADE NORMAL | I30: =IF(COUNTIFS(Diário!$B:$B,B30,Diário!$A:$A,$C$3)=0,"FALTOU","TRABALHOU") -> FALTOU
B31: GEOVANA GABRIELLY QUEIROZ DOS SANTOS | C31: MARCOS VINICIUS ALVES DE OLIVEIRA | D31: BIANCA MUNIZ FERREIRA | E31: RETENCAO | F31: MATUTINO | G31: OPERADOR DE TELEMARKETING I | H31: ATIVIDADE NORMAL | I31: =IF(COUNTIFS(Diário!$B:$B,B31,Diário!$A:$A,$C$3)=0,"FALTOU","TRABALHOU") -> TRABALHOU
B32: IASMYM RIBEIRO DA SILVA | C32: MARCOS VINICIUS ALVES DE OLIVEIRA | D32: BIANCA MUNIZ FERREIRA | E32: RETENCAO | F32: MATUTINO | G32: OPERADOR DE TELEMARKETING I | H32: ATIVIDADE NORMAL | I32: =IF(COUNTIFS(Diário!$B:$B,B32,Diário!$A:$A,$C$3)=0,"FALTOU","TRABALHOU") -> TRABALHOU
B33: KEYTH RODRIGUES DE MORAIS | C33: MARCOS VINICIUS ALVES DE OLIVEIRA | D33: BIANCA MUNIZ FERREIRA | E33: VENDAS | F33: MATUTINO | G33: OPERADOR DE TELEMARKETING I | H33: ATIVIDADE NORMAL | I33: =IF(COUNTIFS(Diário!$B:$B,B33,Diário!$A:$A,$C$3)=0,"FALTOU","TRABALHOU") -> TRABALHOU
B34: LOISLENE OLIVEIRA DA SILVA | C34: MARCOS VINICIUS ALVES DE OLIVEIRA | D34: BIANCA MUNIZ FERREIRA | E34: RETENCAO | F34: MATUTINO | G34: OPERADOR DE TELEMARKETING I | H34: ATIVIDADE NORMAL | I34: =IF(COUNTIFS(Diário!$B:$B,B34,Diário!$A:$A,$C$3)=0,"FALTOU","TRABALHOU") -> FALTOU
... B125: RYAN FELYPE LOURENCO REGO | C125: RENATA MARQUES LIMA DOS REIS | D125: BIANCA MUNIZ FERREIRA | E125: SAC | F125: VESPERTINO | G125: OPERADOR DE TELEMARKETING I | H125: ATIVIDADE NORMAL | I125: =IF(COUNTIFS(Diário!$B:$B,B125,Diário!$A:$A,$C$3)=0,"FALTOU","TRABALHOU") -> TRABALHOU

Sheet Comparativo Sup.
A1: COMPARATIVO ENTRE SUPERVISORES
A4: Supervisor | B4: Coordenador | C4: # Agentes | D4: Chamadas | E4: Chamadas/Agente | F4: Tempo Logado | G4: TMA | H4: Tempo Pausado | I4: Pausa % Login | J4: BANHEI | K4: DESCAN | L4: LANCHE | M4: MANUAL | N4: TREINA | O4: Pausado/Agente
A5: RENATA MARQUES LIMA DOS REIS | B5: BIANCA MUNIZ FERREIRA | C5: =COUNTIF(Consolidado!$D:$D,A5) -> 16 | D5: =SUMIFS(Diário!$G:$G,Diário!$D:$D,A5) -> 5927 | E5: =IFERROR(D5/C5,0) -> 370.4375 | F5: =SUMIFS(Diário!$H:$H,Diário!$D:$D,A5) -> 56.102384 | G5: =IFERROR(SUMIFS(Diário!$I:$I,Diário!$D:$D,A5)/D5,0) -> 0.0053920602 | H5: =SUMIFS(Diário!$K:$K,Diário!$D:$D,A5) -> 17.64103 | I5: =IFERROR(H5/F5,0) -> 0.3144435 | J5: =SUMIFS(Diário!$N:$N,Diário!$D:$D,A5) -> 1.6843866 | K5: =SUMIFS(Diário!$O:$O,Diário!$D:$D,A5) -> 2.970081 | L5: =SUMIFS(Diário!$S:$S,Diário!$D:$D,A5) -> 3.0174074 | M5: =SUMIFS(Diário!$U:$U,Diário!$D:$D,A5) -> 0.41680556 | N5: =SUMIFS(Diário!$W:$W,Diário!$D:$D,A5) -> 8.5039931 | O5: =IFERROR(H5/C5,0) -> 1.1025644
A6: JENNYFER CABRERA DA CRUZ LIMA | B6: KARLA DAS DORES DE SOUSA | C6: =COUNTIF(Consolidado!$D:$D,A6) -> 14 | D6: =SUMIFS(Diário!$G:$G,Diário!$D:$D,A6) -> 83 | E6: =IFERROR(D6/C6,0) -> 5.9285714 | F6: =SUMIFS(Diário!$H:$H,Diário!$D:$D,A6) -> 49.186377 | G6: =IFERROR(SUMIFS(Diário!$I:$I,Diário!$D:$D,A6)/D6,0) -> 0.010979757 | H6: =SUMIFS(Diário!$K:$K,Diário!$D:$D,A6) -> 13.52544 | I6: =IFERROR(H6/F6,0) -> 0.27498345 | J6: =SUMIFS(Diário!$N:$N,Diário!$D:$D,A6) -> 0.85015046 | K6: =SUMIFS(Diário!$O:$O,Diário!$D:$D,A6) -> 3.3662153 | L6: =SUMIFS(Diário!$S:$S,Diário!$D:$D,A6) -> 2.0304051 | M6: =SUMIFS(Diário!$U:$U,Diário!$D:$D,A6) -> 1.549456 | N6: =SUMIFS(Diário!$W:$W,Diário!$D:$D,A6) -> 0.99984954 | O6: =IFERROR(H6/C6,0) -> 0.96610285
A7: MARCOS VINICIUS ALVES DE OLIVEIRA | B7: BIANCA MUNIZ FERREIRA | C7: =COUNTIF(Consolidado!$D:$D,A7) -> 19 | D7: =SUMIFS(Diário!$G:$G,Diário!$D:$D,A7) -> 3019 | E7: =IFERROR(D7/C7,0) -> 158.89474 | F7: =SUMIFS(Diário!$H:$H,Diário!$D:$D,A7) -> 63.281273 | G7: =IFERROR(SUMIFS(Diário!$I:$I,Diário!$D:$D,A7)/D7,0) -> 0.012894016 | H7: =SUMIFS(Diário!$K:$K,Diário!$D:$D,A7) -> 33.659421 | I7: =IFERROR(H7/F7,0) -> 0.53190177 | J7: =SUMIFS(Diário!$N:$N,Diário!$D:$D,A7) -> 2.3864468 | K7: =SUMIFS(Diário!$O:$O,Diário!$D:$D,A7) -> 3.937037 | L7: =SUMIFS(Diário!$S:$S,Diário!$D:$D,A7) -> 3.4701157 | M7: =SUMIFS(Diário!$U:$U,Diário!$D:$D,A7) -> 1.0478241 | N7: =SUMIFS(Diário!$W:$W,Diário!$D:$D,A7) -> 20.0186 | O7: =IFERROR(H7/C7,0) -> 1.7715485
A8: PAULA FERNANDA ALVES | B8: KARLA DAS DORES DE SOUSA | C8: =COUNTIF(Consolidado!$D:$D,A8) -> 13 | D8: =SUMIFS(Diário!$G:$G,Diário!$D:$D,A8) -> 2871 | E8: =IFERROR(D8/C8,0) -> 220.84615 | F8: =SUMIFS(Diário!$H:$H,Diário!$D:$D,A8) -> 43.537407 | G8: =IFERROR(SUMIFS(Diário!$I:$I,Diário!$D:$D,A8)/D8,0) -> 0.0035848264 | H8: =SUMIFS(Diário!$K:$K,Diário!$D:$D,A8) -> 7.9218519 | I8: =IFERROR(H8/F8,0) -> 0.18195507 | J8: =SUMIFS(Diário!$N:$N,Diário!$D:$D,A8) -> 1.0038194 | K8: =SUMIFS(Diário!$O:$O,Diário!$D:$D,A8) -> 2.2700694 | L8: =SUMIFS(Diário!$S:$S,Diário!$D:$D,A8) -> 2.317581 | M8: =SUMIFS(Diário!$U:$U,Diário!$D:$D,A8) -> 0.50082176 | N8: =SUMIFS(Diário!$W:$W,Diário!$D:$D,A8) -> 0.3369213 | O8: =IFERROR(H8/C8,0) -> 0.60937322
A9: REGINALDO SOUSA BARBOSA | B9: BIANCA MUNIZ FERREIRA | C9: =COUNTIF(Consolidado!$D:$D,A9) -> 8 | D9: =SUMIFS(Diário!$G:$G,Diário!$D:$D,A9) -> 2023 | E9: =IFERROR(D9/C9,0) -> 252.875 | F9: =SUMIFS(Diário!$H:$H,Diário!$D:$D,A9) -> 28.522407 | G9: =IFERROR(SUMIFS(Diário!$I:$I,Diário!$D:$D,A9)/D9,0) -> 0.0035283681 | H9: =SUMIFS(Diário!$K:$K,Diário!$D:$D,A9) -> 4.1538426 | I9: =IFERROR(H9/F9,0) -> 0.14563436 | J9: =SUMIFS(Diário!$N:$N,Diário!$D:$D,A9) -> 0.41152778 | K9: =SUMIFS(Diário!$O:$O,Diário!$D:$D,A9) -> 1.4370023 | L9: =SUMIFS(Diário!$S:$S,Diário!$D:$D,A9) -> 1.4990278 | M9: =SUMIFS(Diário!$U:$U,Diário!$D:$D,A9) -> 0.073576389 | N9: =SUMIFS(Diário!$W:$W,Diário!$D:$D,A9) -> 0.0040972222 | O9: =IFERROR(H9/C9,0) -> 0.51923032
A10: RAFAEL ALVES DE LIMA | B10: BIANCA MUNIZ FERREIRA | C10: =COUNTIF(Consolidado!$D:$D,A10) -> 24 | D10: =SUMIFS(Diário!$G:$G,Diário!$D:$D,A10) -> 7723 | E10: =IFERROR(D10/C10,0) -> 321.79167 | F10: =SUMIFS(Diário!$H:$H,Diário!$D:$D,A10) -> 78.998507 | G10: =IFERROR(SUMIFS(Diário!$I:$I,Diário!$D:$D,A10)/D10,0) -> 0.0041478009 | H10: =SUMIFS(Diário!$K:$K,Diário!$D:$D,A10) -> 26.154363 | I10: =IFERROR(H10/F10,0) -> 0.33107415 | J10: =SUMIFS(Diário!$N:$N,Diário!$D:$D,A10) -> 2.3181713 | K10: =SUMIFS(Diário!$O:$O,Diário!$D:$D,A10) -> 3.9776389 | L10: =SUMIFS(Diário!$S:$S,Diário!$D:$D,A10) -> 3.9123843 | M10: =SUMIFS(Diário!$U:$U,Diário!$D:$D,A10) -> 0.51671296 | N10: =SUMIFS(Diário!$W:$W,Diário!$D:$D,A10) -> 12.846921 | O10: =IFERROR(H10/C10,0) -> 1.0897651
A11: NICOLAS NOLBERTO MENA | B11: BIANCA MUNIZ FERREIRA | C11: =COUNTIF(Consolidado!$D:$D,A11) -> 19 | D11: =SUMIFS(Diário!$G:$G,Diário!$D:$D,A11) -> 1758 | E11: =IFERROR(D11/C11,0) -> 92.526316 | F11: =SUMIFS(Diário!$H:$H,Diário!$D:$D,A11) -> 51.445556 | G11: =IFERROR(SUMIFS(Diário!$I:$I,Diário!$D:$D,A11)/D11,0) -> 0.012803113 | H11: =SUMIFS(Diário!$K:$K,Diário!$D:$D,A11) -> 36.400845 | I11: =IFERROR(H11/F11,0) -> 0.70756054 | J11: =SUMIFS(Diário!$N:$N,Diário!$D:$D,A11) -> 1.5849074 | K11: =SUMIFS(Diário!$O:$O,Diário!$D:$D,A11) -> 3.3193634 | L11: =SUMIFS(Diário!$S:$S,Diário!$D:$D,A11) -> 2.9854861 | M11: =SUMIFS(Diário!$U:$U,Diário!$D:$D,A11) -> 19.741076 | N11: =SUMIFS(Diário!$W:$W,Diário!$D:$D,A11) -> 6.6260301 | O11: =IFERROR(H11/C11,0) -> 1.9158339
C12: =SUM(C5:C11) -> 113 | D12: =SUM(D5:D11) -> 23404 | E12: =IFERROR(D12/C12,0) -> 207.11504 | F12: =SUM(F5:F11) -> 371.07391 | H12: =SUM(H5:H11) -> 139.45679 | I12: =IFERROR(H12/F12,0) -> 0.37581945 | J12: =SUM(J5:J11) -> 10.23941 | K12: =SUM(K5:K11) -> 21.277407 | L12: =SUM(L5:L11) -> 19.232407 | M12: =SUM(M5:M11) -> 23.846273 | N12: =SUM(N5:N11) -> 49.336412 | O12: =IFERROR(H12/C12,0) -> 1.2341309

Sheet Consolidado
A1: Identificação | I1: Operação | P1: Pausas — Detalhamento (a partir de 05/05)
A2: Nome Completo | B2: ID Sistema | C2: Status | D2: Supervisor | E2: Coordenador | F2: Área | G2: Turno | H2: Cargo | I2: Dias Logados | J2: Chamadas | K2: Tempo Logado | L2: Tempo Falado | M2: TMA | N2: Tempo Pausado | O2: Pausa % Login | P2: BANHEI | Q2: DESCAN | R2: DISMX | S2: FEEDBK | T2: LAGGED | U2: LANCHE | V2: LOGIN | W2: MANUAL | X2: TESTE | Y2: TREINA
A3: ADRIAM DA CONCEICAO SILVA | B3: adriamsilva | C3: ATIVIDADE NORMAL | D3: JENNYFER CABRERA DA CRUZ LIMA | E3: KARLA DAS DORES DE SOUSA | F3: BACKOFFICE | G3: VESPERTINO | H3: OPERADOR DE TELEMARKETING II | I3: 16 | J3: 32 | K3: 3.9831019 | L3: 0.13243056 | M3: =IFERROR(L3/J3,0) -> 0.0041384491 | N3: 0.67828704 | O3: =IFERROR(N3/K3,0) -> 0.17029116 | P3: 0.13405093 | Q3: 0.21653935 | S3: 0.0071759259 | T3: 0.02181713 | U3: 0.20965278 | V3: 0.012199074 | W3: 0.0052662037 | Y3: 0.071168981
A4: ALAINE BARBOSA RIBEIRO | B4: alaineribeiro | C4: ATIVIDADE NORMAL | D4: RAFAEL ALVES DE LIMA | E4: BIANCA MUNIZ FERREIRA | F4: SAC | G4: MATUTINO | H4: OPERADOR DE TELEMARKETING I | I4: 16 | J4: 273 | K4: 3.8627662 | L4: 2.1213542 | M4: =IFERROR(L4/J4,0) -> 0.0077705324 | N4: 0.65849537 | O4: =IFERROR(N4/K4,0) -> 0.17047249 | P4: 0.088703704 | Q4: 0.22506944 | R4: 0.011319444 | S4: 0.086770833 | T4: 0.013773148 | U4: 0.18393519 | V4: 0.018541667 | W4: 0.029826389
A5: ALEXANDRE LOPES DOS SANTOS | B5: alexandresantos | C5: ATIVIDADE NORMAL | D5: REGINALDO SOUSA BARBOSA | E5: KARLA DAS DORES DE SOUSA | F5: COBRANCA | G5: VESPERTINO | H5: OPERADOR DE TELEMARKETING I | I5: 16 | J5: 273 | K5: 3.9175694 | L5: 1.0278356 | M5: =IFERROR(L5/J5,0) -> 0.0037649653 | N5: 0.51260417 | O5: =IFERROR(N5/K5,0) -> 0.1308475 | P5: 0.030729167 | Q5: 0.16796296 | S5: 0.044155093 | T5: 0.04875 | U5: 0.21070602 | V5: 0.0041782407 | W5: 0.0053356481
A6: AMANDA LORENA ALVES | B6: amandaalves | C6: ATIVIDADE NORMAL | D6: RAFAEL ALVES DE LIMA | E6: BIANCA MUNIZ FERREIRA | F6: SAC | G6: MATUTINO | H6: OPERADOR DE TELEMARKETING I | I6: 11 | J6: 362 | K6: 2.6003935 | L6: 1.3334606 | M6: =IFERROR(L6/J6,0) -> 0.003683588 | N6: 0.44761574 | O6: =IFERROR(N6/K6,0) -> 0.17213385 | P6: 0.022638889 | Q6: 0.1475 | S6: 0.0109375 | T6: 0.012592593 | U6: 0.13996528 | V6: 0.097291667 | W6: 0.0041550926 | Y6: 0.012048611
A7: ANANDA SANTOS VIEIRA | B7: anandavieira | C7: ATIVIDADE NORMAL | D7: RAFAEL ALVES DE LIMA | E7: BIANCA MUNIZ FERREIRA | F7: SAC | G7: MATUTINO | H7: OPERADOR DE TELEMARKETING I | I7: 13 | J7: 419 | K7: 2.9790625 | L7: 1.4293981 | M7: =IFERROR(L7/J7,0) -> 0.0034114468 | N7: 0.51721065 | O7: =IFERROR(N7/K7,0) -> 0.17361524 | P7: 0.097372685 | Q7: 0.15001157 | R7: 0.0019791667 | S7: 0.014849537 | T7: 0.007650463 | U7: 0.14467593 | V7: 0.086527778 | W7: 0.0042476852 | Y7: 0.0092476852
A8: ANDRESSA PEREIRA DOS SANTOS | B8: andressasantos | C8: ATIVIDADE NORMAL | D8: RAFAEL ALVES DE LIMA | E8: BIANCA MUNIZ FERREIRA | F8: SAC | G8: MATUTINO | H8: OPERADOR DE TELEMARKETING I | I8: 16 | J8: 521 | K8: 3.8572222 | L8: 1.84625 | M8: =IFERROR(L8/J8,0) -> 0.003543669 | N8: 0.67732639 | O8: =IFERROR(N8/K8,0) -> 0.17559952 | P8: 0.056655093 | Q8: 0.20424769 | S8: 0.0159375 | U8: 0.2025 | V8: 0.066099537 | W8: 0.076527778 | Y8: 0.048090278
A9: ARIENE GONCALVES DE MORAES NASCIMENTO | B9: arienenascimento | C9: ATIVIDADE NORMAL | D9: RAFAEL ALVES DE LIMA | E9: BIANCA MUNIZ FERREIRA | F9: SAC | G9: MATUTINO | H9: OPERADOR DE TELEMARKETING I | I9: 13 | J9: 62 | K9: 2.8863079 | L9: 0.25439815 | M9: =IFERROR(L9/J9,0) -> 0.0041031944 | N9: 2.4881944 | O9: =IFERROR(N9/K9,0) -> 0.86206827 | P9: 0.22663194 | Q9: 0.17446759 | U9: 0.079282407 | V9: 0.44087963 | W9: 0.0052777778 | Y9: 1.5615625
A10: BARBARA GLENDA DONIZETE DIAS | B10: barbaradias | C10: ATIVIDADE NORMAL | D10: RAFAEL ALVES DE LIMA | E10: BIANCA MUNIZ FERREIRA | F10: SAC | G10: MATUTINO | H10: OPERADOR DE TELEMARKETING I | I10: 16 | J10: 22 | K10: 3.4550347 | L10: 0.07974537 | M10: =IFERROR(L10/J10,0) -> 0.0036247917 | N10: 3.2852199 | O10: =IFERROR(N10/K10,0) -> 0.95085004 | Q10: 0.088043981 | U10: 0.14774306 | V10: 0.010555556 | W10: 0.00023148148 | Y10: 3.0386458
A11: BRENDO ARAUJO DA LUZ | B11: brendoluz | C11: ATIVIDADE NORMAL | D11: NICOLAS NOLBERTO MENA | E11: BIANCA MUNIZ FERREIRA | F11: RETENCAO | G11: VESPERTINO | H11: OPERADOR DE TELEMARKETING I | I11: 16 | J11: 111 | K11: 3.3726273 | L11: 1.7493981 | M11: =IFERROR(L11/J11,0) -> 0.015760347 | N11: 2.3576736 | O11: =IFERROR(N11/K11,0) -> 0.69906141 | P11: 0.0041898148 | Q11: 0.18739583 | S11: 0.031828704 | U11: 0.18415509 | V11: 0.039525463 | W11: 1.6025926 | Y11: 0.30797454
A12: CAMILA OLIVEIRA DAS CHAGAS | B12: camilachagas | C12: ATIVIDADE NORMAL | D12: NICOLAS NOLBERTO MENA | E12: BIANCA MUNIZ FERREIRA | F12: RETENCAO | G12: VESPERTINO | H12: OPERADOR DE TELEMARKETING I | I12: 16 | J12: 90 | K12: 3.3141088 | L12: 1.3918056 | M12: =IFERROR(L12/J12,0) -> 0.015464502 | N12: 2.4498843 | O12: =IFERROR(N12/K12,0) -> 0.73922868 | P12: 0.058726852 | Q12: 0.30449074 | S12: 0.094594907 | U12: 0.25184028 | V12: 0.030601852 | W12: 1.2009606 | Y12: 0.50861111
A13: CARLA RAYNARA CAMPELO COSTA | B13: carlacampelo | C13: ATIVIDADE NORMAL | D13: PAULA FERNANDA ALVES | E13: KARLA DAS DORES DE SOUSA | F13: COBRANCA | G13: MATUTINO | H13: OPERADOR DE TELEMARKETING I | I13: 12 | J13: 276 | K13: 2.9303704 | L13: 0.62780093 | M13: =IFERROR(L13/J13,0) -> 0.0022746412 | N13: 0.41563657 | O13: =IFERROR(N13/K13,0) -> 0.14183756 | P13: 0.01025463 | Q13: 0.1490162 | R13: 0.011296296 | S13: 0.03224537 | T13: 0.00011574074 | U13: 0.15699074 | V13: 0.0018518519 | W13: 0.0027662037 | Y13: 0.050659722
A14: DAIANE FERREIRA DA SILVA | B14: daianesilva | C14: ATIVIDADE NORMAL | D14: PAULA FERNANDA ALVES | E14: KARLA DAS DORES DE SOUSA | F14: COBRANCA | G14: MATUTINO | H14: OPERADOR DE TELEMARKETING I | I14: 15 | J14: 274 | K14: 3.6674653 | L14: 0.6462037 | M14: =IFERROR(L14/J14,0) -> 0.0023584028 | N14: 0.53194444 | O14: =IFERROR(N14/K14,0) -> 0.14504417 | P14: 0.062476852 | Q14: 0.15336806 | R14: 0.00125 | S14: 0.0828125 | U14: 0.19722222 | V14: 0.010023148 | W14: 0.015856481 | Y14: 0.0074421296
A15: DANDARA MONTEIRO OLIVEIRA | B15: dandaraoliveira | C15: ATIVIDADE NORMAL | D15: MARCOS VINICIUS ALVES DE OLIVEIRA | E15: BIANCA MUNIZ FERREIRA | F15: RETENCAO | G15: MATUTINO | H15: OPERADOR DE TELEMARKETING I | I15: 16 | J15: 104 | K15: 3.4274884 | L15: 2.0933912 | M15: =IFERROR(L15/J15,0) -> 0.020128762 | N15: 1.9389699 | O15: =IFERROR(N15/K15,0) -> 0.56571158 | P15: 0.27946759 | Q15: 0.26173611 | R15: 0.034791667 | S15: 0.012303241 | U15: 0.17681713 | V15: 0.061782407 | W15: 0.063773148 | Y15: 1.0482292
A16: DANILLO BARBOSA OLIVEIRA | B16: danillooliveira | C16: ATIVIDADE NORMAL | D16: MARCOS VINICIUS ALVES DE OLIVEIRA | E16: BIANCA MUNIZ FERREIRA | F16: RETENCAO | G16: MATUTINO | H16: OPERADOR DE TELEMARKETING I | I16: 15 | J16: 185 | K16: 3.3804398 | L16: 2.3092014 | M16: =IFERROR(L16/J16,0) -> 0.012482164 | N16: 1.818831 | O16: =IFERROR(N16/K16,0) -> 0.53804567 | P16: 0.13402778 | Q16: 0.19626157 | S16: 0.0049652778 | T16: 4.6296296e-05 | U16: 0.19091435 | V16: 0.017094907 | W16: 0.014305556 | Y16: 1.2609838
A17: DEBORA BRAGA DE MATOS AQUINO | B17: deboraaquino | C17: ATIVIDADE NORMAL | D17: MARCOS VINICIUS ALVES DE OLIVEIRA | E17: BIANCA MUNIZ FERREIRA | F17: RETENCAO | G17: MATUTINO | H17: OPERADOR DE TELEMARKETING I | I17: 16 | J17: 160 | K17: 3.5322222 | L17: 2.0902083 | M17: =IFERROR(L17/J17,0) -> 0.013063796 | N17: 2.1564468 | O17: =IFERROR(N17/K17,0) -> 0.6105071 | P17: 0.11037037 | Q17: 0.21394676 | S17: 0.031863426 | U17: 0.22179398 | V17: 0.57797454 | W17: 0.010069444 | Y17: 0.99042824
A18: DEBORA DA SILVA COELHO | B18: deboracoelho | C18: ATIVIDADE NORMAL | D18: RENATA MARQUES LIMA DOS REIS | E18: BIANCA MUNIZ FERREIRA | F18: SAC | G18: VESPERTINO | H18: OPERADOR DE TELEMARKETING I | I18: 16 | J18: 483 | K18: 3.9040856 | L18: 2.7789583 | M18: =IFERROR(L18/J18,0) -> 0.0057535417 | N18: 0.56603009 | O18: =IFERROR(N18/K18,0) -> 0.14498404 | P18: 0.025046296 | Q18: 0.20891204 | S18: 0.042592593 | T18: 0.0095833333 | U18: 0.21503472 | V18: 0.011423611 | W18: 0.036388889 | Y18: 0.014490741
A19: DIOVANIA ROCHA ALVES SANTOS | B19: diovaniasantos | C19: ATIVIDADE NORMAL | D19: RAFAEL ALVES DE LIMA | E19: BIANCA MUNIZ FERREIRA | F19: SAC | G19: MATUTINO | H19: OPERADOR DE TELEMARKETING I | I19: 16 | J19: 24 | K19: 3.3416667 | L19: 0.1478588 | M19: =IFERROR(L19/J19,0) -> 0.006160787 | N19: 3.0640278 | O19: =IFERROR(N19/K19,0) -> 0.91691604 | P19: 0.22606481 | Q19: 0.17875 | U19: 0.20303241 | V19: 0.077708333 | W19: 0.00032407407 | Y19: 2.3781481
A20: EDUARDO BARBOSA MARQUES | B20: eduardomarques | C20: ATIVIDADE NORMAL | D20: PAULA FERNANDA ALVES | E20: KARLA DAS DORES DE SOUSA | F20: COBRANCA | G20: MATUTINO | H20: OPERADOR DE TELEMARKETING I | I20: 15 | J20: 242 | K20: 3.5725 | L20: 0.61115741 | M20: =IFERROR(L20/J20,0) -> 0.0025254398 | N20: 0.86340278 | O20: =IFERROR(N20/K20,0) -> 0.24168027 | P20: 0.13224537 | Q20: 0.22792824 | S20: 0.20462963 | T20: 9.2592593e-05 | U20: 0.19273148 | V20: 0.010856481 | W20: 0.0478125 | Y20: 0.044479167
A21: EDUARDO GABRIEL ANGELIM GONCALVES | B21: eduardogoncalves | C21: TREINAMENTO | D21: RENATA MARQUES LIMA DOS REIS | E21: BIANCA MUNIZ FERREIRA | F21: SAC | G21: VESPERTINO | H21: OPERADOR DE TELEMARKETING I | I21: 16 | J21: 531 | K21: 3.928287 | L21: 2.9965394 | M21: =IFERROR(L21/J21,0) -> 0.005643206 | N21: 0.55922454 | O21: =IFERROR(N21/K21,0) -> 0.14235837 | P21: 0.073298611 | Q21: 0.19299769 | S21: 0.025578704 | T21: 0.0020601852 | U21: 0.19773148 | V21: 0.022476852 | W21: 0.023900463 | Y21: 0.018518519
A22: EDYNAYANE LIMA DE FRANCA | B22: edynayanefranca | C22: ATIVIDADE NORMAL | D22: RAFAEL ALVES DE LIMA | E22: BIANCA MUNIZ FERREIRA | F22: SAC | G22: MATUTINO | H22: OPERADOR DE TELEMARKETING I | I22: 16 | J22: 597 | K22: 3.8137731 | L22: 1.7357407 | M22: =IFERROR(L22/J22,0) -> 0.0029074421 | N22: 0.80677083 | O22: =IFERROR(N22/K22,0) -> 0.21154138 | P22: 0.1247338 | Q22: 0.19605324 | S22: 0.0053703704 | U22: 0.20001157 | V22: 0.14849537 | W22: 0.059444444 | Y22: 0.072581019
A23: ELAINE OLIVEIRA SILVA | B23: elainesilva | C23: ATIVIDADE NORMAL | D23: RENATA MARQUES LIMA DOS REIS | E23: BIANCA MUNIZ FERREIRA | F23: SAC | G23: VESPERTINO | H23: OPERADOR DE TELEMARKETING I | I23: 16 | J23: 511 | K23: 3.9381713 | L23: 2.6158565 | M23: =IFERROR(L23/J23,0) -> 0.0051190972 | N23: 0.53556713 | O23: =IFERROR(N23/K23,0) -> 0.13599386 | P23: 0.041412037 | Q23: 0.21318287 | S23: 0.017905093 | U23: 0.19696759 | V23: 0.0025231481 | W23: 0.030613426 | Y23: 0.031921296
A24: FABIO BORGES DOS SANTOS FILHO | B24: fabiofilho | C24: ATIVIDADE NORMAL | D24: MARCOS VINICIUS ALVES DE OLIVEIRA | E24: BIANCA MUNIZ FERREIRA | F24: RETENCAO | G24: MATUTINO | H24: OPERADOR DE TELEMARKETING I | I24: 14 | J24: 72 | K24: 2.8712731 | L24: 1.3533796 | M24: =IFERROR(L24/J24,0) -> 0.018796944 | N24: 1.8890625 | O24: =IFERROR(N24/K24,0) -> 0.65791807 | P24: 0.23050926 | Q24: 0.23585648 | R24: 0.015081019 | T24: 0.015763889 | U24: 0.18054398 | V24: 0.072685185 | W24: 0.013576389 | Y24: 1.125
A25: GABRIELA PIRES DOS SANTOS | B25: gabrielasantos | C25: ATIVIDADE NORMAL | D25: PAULA FERNANDA ALVES | E25: KARLA DAS DORES DE SOUSA | F25: COBRANCA | G25: MATUTINO | H25: OPERADOR DE TELEMARKETING I | I25: 16 | J25: 185 | K25: 3.6265046 | L25: 0.80563657 | M25: =IFERROR(L25/J25,0) -> 0.0043547917 | N25: 0.90858796 | O25: =IFERROR(N25/K25,0) -> 0.25054096 | P25: 0.1359838 | Q25: 0.22409722 | R25: 0.058275463 | S25: 0.16347222 | T25: 0.00016203704 | U25: 0.20128472 | V25: 0.016331019 | W25: 0.016064815 | Y25: 0.09244213
A26: GEOVANA DANIELE PINTO DAS NEVES | B26: geovananeves | C26: ATIVIDADE NORMAL | D26: RAFAEL ALVES DE LIMA | E26: BIANCA MUNIZ FERREIRA | F26: SAC | G26: MATUTINO | H26: OPERADOR DE TELEMARKETING I | I26: 16 | J26: 468 | K26: 3.7658218 | L26: 1.7146875 | M26: =IFERROR(L26/J26,0) -> 0.0036638657 | N26: 0.70890046 | O26: =IFERROR(N26/K26,0) -> 0.18824589 | P26: 0.115625 | Q26: 0.1840162 | R26: 0.0013541667 | S26: 0.1158912 | T26: 0.0074768519 | U26: 0.19434028 | V26: 0.047280093 | W26: 0.0018055556 | Y26: 0.041030093
A27: GEOVANA GABRIELLY QUEIROZ DOS SANTOS | B27: geovanasantos | C27: ATIVIDADE NORMAL | D27: MARCOS VINICIUS ALVES DE OLIVEIRA | E27: BIANCA MUNIZ FERREIRA | F27: RETENCAO | G27: MATUTINO | H27: OPERADOR DE TELEMARKETING I | I27: 15 | J27: 137 | K27: 3.5774306 | L27: 2.1715972 | M27: =IFERROR(L27/J27,0) -> 0.015851076 | N27: 1.9366088 | O27: =IFERROR(N27/K27,0) -> 0.54134071 | P27: 0.076446759 | Q27: 0.18986111 | S27: 0.039328704 | U27: 0.19748843 | V27: 0.010821759 | W27: 0.17366898 | Y27: 1.2489583
A28: GERLAINY CRISTINA DE OLIVEIRA SANTOS | B28: gerlainysantos | C28: TREINAMENTO | D28: RENATA MARQUES LIMA DOS REIS | E28: BIANCA MUNIZ FERREIRA | F28: SAC | G28: VESPERTINO | H28: OPERADOR DE TELEMARKETING I | I28: 11 | J28: 260 | K28: 2.6086227 | L28: 1.8560532 | M28: =IFERROR(L28/J28,0) -> 0.007138669 | N28: 0.5053125 | O28: =IFERROR(N28/K28,0) -> 0.19370854 | P28: 0.073090278 | Q28: 0.16041667 | S28: 0.067002315 | U28: 0.15457176 | V28: 0.026736111 | W28: 0.0054861111 | Y28: 0.017731481
A29: GILIELLE MAIANE ROSA E SILVA | B29: giliellesilva | C29: ATIVIDADE NORMAL | D29: RAFAEL ALVES DE LIMA | E29: BIANCA MUNIZ FERREIRA | F29: SAC | G29: MATUTINO | H29: OPERADOR DE TELEMARKETING I | I29: 12 | J29: 451 | K29: 3.3754977 | L29: 1.5644097 | M29: =IFERROR(L29/J29,0) -> 0.0034687616 | N29: 0.6 | O29: =IFERROR(N29/K29,0) -> 0.17775157 | P29: 0.085219907 | Q29: 0.16952546 | R29: 0.003275463 | S29: 0.027881944 | T29: 0.0021990741 | U29: 0.15565972 | V29: 0.10076389 | W29: 0.0015162037 | Y29: 0.053935185
A30: GUSTAVO PEREIRA TEIXEIRA | B30: gustavoteixeira | C30: ATIVIDADE NORMAL | D30: RENATA MARQUES LIMA DOS REIS | E30: BIANCA MUNIZ FERREIRA | F30: SAC | G30: VESPERTINO | H30: OPERADOR DE TELEMARKETING I | I30: 16 | J30: 78 | K30: 3.2276736 | L30: 0.45917824 | M30: =IFERROR(L30/J30,0) -> 0.0058868981 | N30: 2.83125 | O30: =IFERROR(N30/K30,0) -> 0.87717977 | P30: 0.2156713 | Q30: 0.14755787 | S30: 0.0048032407 | U30: 0.16671296 | V30: 0.030902778 | W30: 0.011134259 | Y30: 2.2544329
A31: HELENA VITORIA MACEDO DUTRA | B31: helenadutra | C31: ATIVIDADE NORMAL | D31: RAFAEL ALVES DE LIMA | E31: BIANCA MUNIZ FERREIRA | F31: SAC | G31: MATUTINO | H31: OPERADOR DE TELEMARKETING I | I31: 15 | J31: 412 | K31: 3.8716551 | L31: 2.4536806 | M31: =IFERROR(L31/J31,0) -> 0.0059555324 | N31: 0.25055556 | O31: =IFERROR(N31/K31,0) -> 0.064715361 | Q31: 0.052974537 | S31: 0.035219907 | U31: 0.083865741 | V31: 0.0032060185 | W31: 0.029641204 | Y31: 0.043877315
A32: IASMYM RIBEIRO DA SILVA | B32: iasmymsilva | C32: ATIVIDADE NORMAL | D32: MARCOS VINICIUS ALVES DE OLIVEIRA | E32: BIANCA MUNIZ FERREIRA | F32: RETENCAO | G32: MATUTINO | H32: OPERADOR DE TELEMARKETING I | I32: 16 | J32: 156 | K32: 3.6472338 | L32: 2.1154167 | M32: =IFERROR(L32/J32,0) -> 0.013560359 | N32: 1.9593056 | O32: =IFERROR(N32/K32,0) -> 0.53720317 | P32: 0.15980324 | Q32: 0.19193287 | R32: 0.029386574 | S32: 0.019027778 | U32: 0.21320602 | V32: 0.17122685 | W32: 0.19055556 | Y32: 0.98280093
A33: ISABELA MENDES DAS NEVES | B33: isabelaneves | C33: ATIVIDADE NORMAL | D33: JENNYFER CABRERA DA CRUZ LIMA | E33: KARLA DAS DORES DE SOUSA | F33: BACKOFFICE | G33: INTEGRAL | H33: OPERADOR DE TELEMARKETING II | I33: 14 | J33: 6 | K33: 4.2203704 | L33: 0.28549769 | M33: =IFERROR(L33/J33,0) -> 0.047582951 | N33: 0.14456019 | O33: =IFERROR(N33/K33,0) -> 0.034252962 | Q33: 0.0036458333 | T33: 0.09630787 | V33: 0.0028819444 | W33: 0.041354167
A34: IVONEIDE DUARTE FERREIRA | B34: ivoneideferreira | C34: ATIVIDADE NORMAL | D34: REGINALDO SOUSA BARBOSA | E34: KARLA DAS DORES DE SOUSA | F34: COBRANCA | G34: VESPERTINO | H34: OPERADOR DE TELEMARKETING I | I34: 16 | J34: 292 | K34: 4.0258565 | L34: 1.1602315 | M34: =IFERROR(L34/J34,0) -> 0.0039733912 | N34: 0.50480324 | O34: =IFERROR(N34/K34,0) -> 0.12539027 | P34: 0.022303241 | Q34: 0.19388889 | S34: 0.059375 | T34: 0.0053819444 | U34: 0.21488426 | V34: 0.0041203704 | W34: 0.0045601852
A35: JAMILLY SALES MOTA | B35: jamillymota | C35: TREINAMENTO | D35: RENATA MARQUES LIMA DOS REIS | E35: BIANCA MUNIZ FERREIRA | F35: SAC | G35: VESPERTINO | H35: OPERADOR DE TELEMARKETING I | I35: 16 | J35: 430 | K35: 3.8220255 | L35: 2.7168171 | M35: =IFERROR(L35/J35,0) -> 0.0063181829 | N35: 0.6665162 | O35: =IFERROR(N35/K35,0) -> 0.17438822 | P35: 0.11429398 | Q35: 0.21168981 | S35: 0.032534722 | T35: 0.027962963 | U35: 0.21313657 | V35: 0.012418981 | W35: 0.035104167 | Y35: 0.018425926
A36: JENNYFER LAIS MATOS LIMA | B36: jennyferlima | C36: ATIVIDADE NORMAL | D36: RENATA MARQUES LIMA DOS REIS | E36: BIANCA MUNIZ FERREIRA | F36: SAC | G36: VESPERTINO | H36: OPERADOR DE TELEMARKETING I | I36: 16 | J36: 66 | K36: 3.4265741 | L36: 0.41209491 | M36: =IFERROR(L36/J36,0) -> 0.0062438657 | N36: 3.0744676 | O36: =IFERROR(N36/K36,0) -> 0.89724241 | P36: 0.066157407 | Q36: 0.19840278 | S36: 0.030277778 | U36: 0.19733796 | V36: 0.013865741 | W36: 0.021180556 | Y36: 2.5472222
A37: JEOVANNA DE LIMA FERREIRA | B37: jeovannaferreira | C37: ATIVIDADE NORMAL | D37: PAULA FERNANDA ALVES | E37: KARLA DAS DORES DE SOUSA | F37: COBRANCA | G37: MATUTINO | H37: OPERADOR DE TELEMARKETING I | I37: 13 | J37: 321 | K37: 3.3990856 | L37: 0.80966435 | M37: =IFERROR(L37/J37,0) -> 0.0025223148 | N37: 0.42663194 | O37: =IFERROR(N37/K37,0) -> 0.12551374 | P37: 0.029930556 | Q37: 0.1590162 | R37: 0.0065972222 | S37: 0.046759259 | T37: 0.00010416667 | U37: 0.17237269 | V37: 0.0050231481 | W37: 0.0049305556 | Y37: 0.0010648148
A38: JESSICA SILVA DA COSTA | B38: jessicacosta | C38: TREINAMENTO | D38: RENATA MARQUES LIMA DOS REIS | E38: BIANCA MUNIZ FERREIRA | F38: SAC | G38: VESPERTINO | H38: OPERADOR DE TELEMARKETING I | I38: 16 | J38: 431 | K38: 3.8917477 | L38: 2.4402662 | M38: =IFERROR(L38/J38,0) -> 0.005661875 | N38: 0.60461806 | O38: =IFERROR(N38/K38,0) -> 0.15535901 | P38: 0.074606481 | Q38: 0.2325463 | S38: 0.050127315 | T38: 0.0030092593 | U38: 0.18381944 | V38: 0.0042708333 | W38: 0.03037037 | Y38: 0.025231481
A39: JOAO PEDRO DE SOUZA SANTOS | B39: joaosantos | C39: ATIVIDADE NORMAL | D39: REGINALDO SOUSA BARBOSA | E39: KARLA DAS DORES DE SOUSA | F39: COBRANCA | G39: VESPERTINO | H39: OPERADOR DE TELEMARKETING I | I39: 16 | J39: 255 | K39: 3.859213 | L39: 0.9619213 | M39: =IFERROR(L39/J39,0) -> 0.0037722454 | N39: 0.62471065 | O39: =IFERROR(N39/K39,0) -> 0.16187514 | P39: 0.076736111 | Q39: 0.17717593 | S39: 0.041956019 | T39: 0.087962963 | U39: 0.21292824 | V39: 0.002337963 | W39: 0.011458333 | Y39: 0.0018171296
A40: JOAO VITOR VIEIRA DA CRUZ | B40: joaocruz | C40: ATIVIDADE NORMAL | D40: PAULA FERNANDA ALVES | E40: KARLA DAS DORES DE SOUSA | F40: COBRANCA | G40: MATUTINO | H40: OPERADOR DE TELEMARKETING I | I40: 16 | J40: 281 | K40: 3.5864236 | L40: 0.75655093 | M40: =IFERROR(L40/J40,0) -> 0.0026923495 | N40: 0.60263889 | O40: =IFERROR(N40/K40,0) -> 0.16803338 | P40: 0.074606481 | Q40: 0.17173611 | R40: 0.017280093 | S40: 0.083229167 | T40: 0.0043402778 | U40: 0.17825231 | V40: 0.019328704 | W40: 0.033449074 | Y40: 0.019930556
A41: JORDANNA BEATRIZ BARBOSA REQUEL | B41: jordannarequel | C41: ATIVIDADE NORMAL | D41: RENATA MARQUES LIMA DOS REIS | E41: BIANCA MUNIZ FERREIRA | F41: SAC | G41: VESPERTINO | H41: OPERADOR DE TELEMARKETING I | I41: 16 | J41: 96 | K41: 3.3259838 | L41: 0.51902778 | M41: =IFERROR(L41/J41,0) -> 0.0054065394 | N41: 2.7517824 | O41: =IFERROR(N41/K41,0) -> 0.82735893 | P41: 0.22878472 | Q41: 0.1908912 | S41: 0.03099537 | T41: 8.1018519e-05 | U41: 0.1897338 | V41: 0.092002315 | W41: 0.0045717593 | Y41: 2.0145486
A42: JULLIANA TELES DE CASTRO BARRETO | B42: jullianabarreto | C42: ATIVIDADE NORMAL | D42: RAFAEL ALVES DE LIMA | E42: BIANCA MUNIZ FERREIRA | F42: SAC | G42: MATUTINO | H42: OPERADOR DE TELEMARKETING I | I42: 16 | J42: 347 | K42: 3.935162 | L42: 1.6668634 | M42: =IFERROR(L42/J42,0) -> 0.0048036458 | N42: 0.92322917 | O42: =IFERROR(N42/K42,0) -> 0.2346102 | P42: 0.24622685 | Q42: 0.18677083 | R42: 0.001724537 | S42: 0.0946875 | T42: 0.0074305556 | U42: 0.20438657 | V42: 0.11759259 | W42: 0.021238426 | Y42: 0.042743056
A43: KAILANE TEIXEIRA DE SOUSA | B43: kailanesousa | C43: ATIVIDADE NORMAL | D43: NICOLAS NOLBERTO MENA | E43: BIANCA MUNIZ FERREIRA | F43: VENDAS | G43: VESPERTINO | H43: OPERADOR DE TELEMARKETING I | I43: 16 | J43: 410 | K43: 3.6904167 | L43: 1.1146759 | M43: =IFERROR(L43/J43,0) -> 0.0027187269 | N43: 0.90834491 | O43: =IFERROR(N43/K43,0) -> 0.24613614 | P43: 0.15931713 | Q43: 0.25377315 | R43: 0.13837963 | S43: 0.015300926 | U43: 0.19215278 | V43: 0.047881944 | W43: 0.10148148
A44: KALISSA VALERIO GONCALVES | B44: kalissagoncalves | C44: ATIVIDADE NORMAL | D44: REGINALDO SOUSA BARBOSA | E44: KARLA DAS DORES DE SOUSA | F44: COBRANCA | G44: VESPERTINO | H44: OPERADOR DE TELEMARKETING I | I44: 16 | J44: 264 | K44: 4.0103472 | L44: 0.79327546 | M44: =IFERROR(L44/J44,0) -> 0.0030048264 | N44: 0.6887037 | O44: =IFERROR(N44/K44,0) -> 0.17173169 | P44: 0.11541667 | Q44: 0.18578704 | R44: 0.014837963 | S44: 0.088113426 | T44: 0.057662037 | U44: 0.21738426 | V44: 0.0031018519 | W44: 0.005150463
A45: KAROLYNY KELLY OLIVEIRA ASSIS | B45: karolynyassis | C45: ATIVIDADE NORMAL | D45: PAULA FERNANDA ALVES | E45: KARLA DAS DORES DE SOUSA | F45: COBRANCA | G45: MATUTINO | H45: OPERADOR DE TELEMARKETING I | I45: 16 | J45: 252 | K45: 3.9045602 | L45: 1.2471875 | M45: =IFERROR(L45/J45,0) -> 0.0049491551 | N45: 0.64454861 | O45: =IFERROR(N45/K45,0) -> 0.16507586 | P45: 0.077986111 | Q45: 0.23780093 | S45: 0.075972222 | U45: 0.22208333 | V45: 0.0040625 | W45: 0.019664352 | Y45: 0.0063310185
A46: KEYTH RODRIGUES DE MORAIS | B46: keythmorais | C46: ATIVIDADE NORMAL | D46: MARCOS VINICIUS ALVES DE OLIVEIRA | E46: BIANCA MUNIZ FERREIRA | F46: VENDAS | G46: MATUTINO | H46: OPERADOR DE TELEMARKETING I | I46: 15 | J46: 467 | K46: 3.5007986 | L46: 1.1569097 | M46: =IFERROR(L46/J46,0) -> 0.0024773264 | N46: 1.8034028 | O46: =IFERROR(N46/K46,0) -> 0.51514039 | P46: 0.15585648 | Q46: 0.26898148 | T46: 0.011342593 | U46: 0.18336806 | V46: 0.081168981 | W46: 0.0035185185 | Y46: 1.0990278
A47: LAIS RIBEIRO DA SILVA | B47: laissilva | C47: ATIVIDADE NORMAL | D47: PAULA FERNANDA ALVES | E47: KARLA DAS DORES DE SOUSA | F47: COBRANCA | G47: MATUTINO | H47: OPERADOR DE TELEMARKETING I | I47: 15 | J47: 147 | K47: 3.7112384 | L47: 0.86553241 | M47: =IFERROR(L47/J47,0) -> 0.0058879745 | N47: 1.0923148 | O47: =IFERROR(N47/K47,0) -> 0.29432623 | P47: 0.22921296 | Q47: 0.20543981 | S47: 0.055844907 | T47: 0.00016203704 | U47: 0.20549769 | V47: 0.03494213 | W47: 0.29542824 | Y47: 0.065196759
A48: LARA SOUZA HEINZ | B48: laraheinz | C48: ATIVIDADE NORMAL | D48: NICOLAS NOLBERTO MENA | E48: BIANCA MUNIZ FERREIRA | F48: RETENCAO | G48: VESPERTINO | H48: OPERADOR DE TELEMARKETING I | I48: 14 | J48: 59 | K48: 2.6184838 | L48: 1.1231366 | M48: =IFERROR(L48/J48,0) -> 0.019036215 | N48: 2.1825347 | O48: =IFERROR(N48/K48,0) -> 0.83351088 | P48: 0.21715278 | Q48: 0.21140046 | S48: 0.077013889 | U48: 0.15846065 | V48: 0.30313657 | W48: 0.84596065 | Y48: 0.36940972
A49: LARISSA DA COSTA XAVIER | B49: larissaxavier | C49: ATIVIDADE NORMAL | D49: RAFAEL ALVES DE LIMA | E49: BIANCA MUNIZ FERREIRA | F49: SAC | G49: MATUTINO | H49: OPERADOR DE TELEMARKETING I | I49: 14 | J49: 24 | K49: 2.8373843 | L49: 0.17631944 | M49: =IFERROR(L49/J49,0) -> 0.0073466435 | N49: 2.6161227 | O49: =IFERROR(N49/K49,0) -> 0.92201917 | U49: 0.14935185 | V49: 0.089074074 | Y49: 2.3776968
A50: LAURA CRISTINNY DOS REIS CIRQUEIRA | B50: lauracirqueira | C50: TREINAMENTO | D50: RENATA MARQUES LIMA DOS REIS | E50: BIANCA MUNIZ FERREIRA | F50: SAC | G50: VESPERTINO | H50: OPERADOR DE TELEMARKETING I | I50: 16 | J50: 432 | K50: 3.8638426 | L50: 2.5645486 | M50: =IFERROR(L50/J50,0) -> 0.0059364583 | N50: 0.74646991 | O50: =IFERROR(N50/K50,0) -> 0.19319366 | P50: 0.083935185 | Q50: 0.22306713 | S50: 0.044814815 | T50: 0.0046412037 | U50: 0.22273148 | V50: 0.090625 | W50: 0.046493056 | Y50: 0.029270833
A51: LEIDIANE BARBOSA CAMPOS OLIVA | B51: leidianeoliva | C51: ATIVIDADE NORMAL | D51: RAFAEL ALVES DE LIMA | E51: BIANCA MUNIZ FERREIRA | F51: SAC | G51: MATUTINO | H51: OPERADOR DE TELEMARKETING I | I51: 15 | J51: 281 | K51: 3.3482755 | L51: 2.0576042 | M51: =IFERROR(L51/J51,0) -> 0.0073224306 | N51: 0.46891204 | O51: =IFERROR(N51/K51,0) -> 0.14004584 | P51: 0.066539352 | Q51: 0.16505787 | R51: 0.00079861111 | S51: 0.0063657407 | T51: 0.00068287037 | U51: 0.1805787 | V51: 0.017233796 | W51: 0.0081597222 | Y51: 0.02337963
A52: LIDIA GABRIELLY DOS SANTOS SOUSA | B52: lidiasousa | C52: ATIVIDADE NORMAL | D52: NICOLAS NOLBERTO MENA | E52: BIANCA MUNIZ FERREIRA | F52: RETENCAO | G52: VESPERTINO | H52: OPERADOR DE TELEMARKETING I | I52: 8 | J52: 39 | K52: 1.6623032 | L52: 0.57450231 | M52: =IFERROR(L52/J52,0) -> 0.014730833 | N52: 1.3369329 | O52: =IFERROR(N52/K52,0) -> 0.80426533 | P52: 0.030914352 | Q52: 0.13866898 | R52: 0.0056597222 | S52: 0.0071527778 | U52: 0.11201389 | V52: 0.0086458333 | W52: 0.8205787 | Y52: 0.21329861
A53: LORRANE PAES DE OLIVEIRA | B53: lorraneoliveira | C53: TREINAMENTO | D53: RENATA MARQUES LIMA DOS REIS | E53: BIANCA MUNIZ FERREIRA | F53: SAC | G53: VESPERTINO | H53: OPERADOR DE TELEMARKETING I | I53: 16 | J53: 567 | K53: 3.9339583 | L53: 2.8707523 | M53: =IFERROR(L53/J53,0) -> 0.0050630556 | N53: 0.49273148 | O53: =IFERROR(N53/K53,0) -> 0.12525081 | P53: 0.0066435185 | Q53: 0.16820602 | S53: 0.0027546296 | T53: 0.036087963 | U53: 0.19148148 | V53: 0.020625 | W53: 0.035486111 | Y53: 0.030069444
A54: LUIZA VICTORIA DO NASCIMENTO LIMA | B54: luizalima | C54: ATIVIDADE NORMAL | D54: RAFAEL ALVES DE LIMA | E54: BIANCA MUNIZ FERREIRA | F54: SAC | G54: MATUTINO | H54: OPERADOR DE TELEMARKETING I | I54: 16 | J54: 483 | K54: 3.6845023 | L54: 1.8692245 | M54: =IFERROR(L54/J54,0) -> 0.0038700347 | N54: 0.83555556 | O54: =IFERROR(N54/K54,0) -> 0.22677569 | P54: 0.23503472 | Q54: 0.25166667 | S54: 0.031423611 | U54: 0.23954861 | V54: 0.057280093 | W54: 0.014270833 | Y54: 0.0058217593
A55: LUZIA MACIEL DOS SANTOS | B55: luziasantos | C55: ATIVIDADE NORMAL | D55: PAULA FERNANDA ALVES | E55: KARLA DAS DORES DE SOUSA | F55: COBRANCA | G55: MATUTINO | H55: OPERADOR DE TELEMARKETING I | I55: 15 | J55: 210 | K55: 3.5851736 | L55: 1.0427662 | M55: =IFERROR(L55/J55,0) -> 0.0049655556 | N55: 0.54038194 | O55: =IFERROR(N55/K55,0) -> 0.15072686 | P55: 0.047071759 | Q55: 0.19390046 | R55: 0.013703704 | S55: 0.049884259 | T55: 0.00033564815 | U55: 0.19736111 | V55: 0.013761574 | W55: 0.022141204 | Y55: 0.0016550926
A56: MAGNA SANTIAGO DE SOUZA | B56: magnasouza | C56: ATIVIDADE NORMAL | D56: RAFAEL ALVES DE LIMA | E56: BIANCA MUNIZ FERREIRA | F56: SAC | G56: MATUTINO | H56: OPERADOR DE TELEMARKETING I | I56: 16 | J56: 18 | K56: 3.443206 | L56: 0.12101852 | M56: =IFERROR(L56/J56,0) -> 0.0067232523 | N56: 3.2853009 | O56: =IFERROR(N56/K56,0) -> 0.9541401 | P56: 0.0023842593 | Q56: 0.19766204 | S56: 0.013773148 | U56: 0.17907407 | V56: 0.0098726852 | W56: 0.00030092593 | Y56: 2.8822338
A57: MANUELLA TELES CARNEIRO | B57: manuellacarneiro | C57: ATIVIDADE NORMAL | D57: MARCOS VINICIUS ALVES DE OLIVEIRA | E57: BIANCA MUNIZ FERREIRA | F57: RETENCAO | G57: MATUTINO | H57: OPERADOR DE TELEMARKETING I | I57: 16 | J57: 179 | K57: 3.448125 | L57: 2.3 | M57: =IFERROR(L57/J57,0) -> 0.012849167 | N57: 2.0860185 | O57: =IFERROR(N57/K57,0) -> 0.60497184 | P57: 0.26841435 | Q57: 0.24592593 | S57: 0.011377315 | U57: 0.18083333 | V57: 0.066203704 | W57: 0.0046759259 | Y57: 1.3085069
A58: MARIA DO CARMO SOUZA SANTOS | B58: mariasantos | C58: ATIVIDADE NORMAL | D58: REGINALDO SOUSA BARBOSA | E58: KARLA DAS DORES DE SOUSA | F58: COBRANCA | G58: VESPERTINO | H58: OPERADOR DE TELEMARKETING I | I58: 16 | J58: 266 | K58: 3.8984375 | L58: 1.0282523 | M58: =IFERROR(L58/J58,0) -> 0.0038656134 | N58: 0.53280093 | O58: =IFERROR(N58/K58,0) -> 0.13667038 | P58: 0.0578125 | Q58: 0.19674769 | S58: 0.025115741 | T58: 0.030451389 | U58: 0.20054398 | V58: 0.0014467593 | W58: 0.01900463
A59: MARIA DYSLLIAN JUSTINO FERRAZ | B59: mariaferraz | C59: ATIVIDADE NORMAL | D59: NICOLAS NOLBERTO MENA | E59: BIANCA MUNIZ FERREIRA | F59: RETENCAO | G59: VESPERTINO | H59: OPERADOR DE TELEMARKETING I | I59: 15 | J59: 115 | K59: 3.0215972 | L59: 1.4433796 | M59: =IFERROR(L59/J59,0) -> 0.012551123 | N59: 2.207419 | O59: =IFERROR(N59/K59,0) -> 0.73054706 | P59: 0.082800926 | Q59: 0.17806713 | S59: 0.020821759 | T59: 0.00018518519 | U59: 0.20670139 | V59: 0.21099537 | W59: 1.0470833 | Y59: 0.46076389
A60: MARIANA BARBOSA DAMACENA | B60: marianadamacena | C60: ATIVIDADE NORMAL | D60: PAULA FERNANDA ALVES | E60: KARLA DAS DORES DE SOUSA | F60: COBRANCA | G60: MATUTINO | H60: OPERADOR DE TELEMARKETING I | I60: 16 | J60: 229 | K60: 4.1420602 | L60: 1.1315741 | M60: =IFERROR(L60/J60,0) -> 0.0049413657 | N60: 0.64377315 | O60: =IFERROR(N60/K60,0) -> 0.15542342 | P60: 0.074988426 | Q60: 0.20957176 | S60: 0.082789352 | U60: 0.20934028 | V60: 0.0042939815 | W60: 0.014675926 | Y60: 0.047685185
A61: MARIANA RESENDE GONCALVES | B61: marianagoncalves | C61: ATIVIDADE NORMAL | D61: NICOLAS NOLBERTO MENA | E61: BIANCA MUNIZ FERREIRA | F61: RETENCAO | G61: VESPERTINO | H61: OPERADOR DE TELEMARKETING I | I61: 13 | J61: 82 | K61: 2.8618866 | L61: 1.2100579 | M61: =IFERROR(L61/J61,0) -> 0.014756806 | N61: 2.2973148 | O61: =IFERROR(N61/K61,0) -> 0.80272742 | P61: 0.036712963 | Q61: 0.16914352 | S61: 0.034884259 | U61: 0.1466088 | V61: 0.041273148 | W61: 1.3571644 | Y61: 0.51152778
A62: MATHEUS CHAVES LEITE | B62: matheusleite | C62: ATIVIDADE NORMAL | D62: NICOLAS NOLBERTO MENA | E62: BIANCA MUNIZ FERREIRA | F62: RETENCAO | G62: VESPERTINO | H62: OPERADOR DE TELEMARKETING I | I62: 16 | J62: 65 | K62: 3.0057407 | L62: 0.9690625 | M62: =IFERROR(L62/J62,0) -> 0.014908657 | N62: 2.3748148 | O62: =IFERROR(N62/K62,0) -> 0.79009303 | P62: 0.056770833 | Q62: 0.18041667 | S62: 0.045034722 | T62: 6.9444444e-05 | U62: 0.19730324 | V62: 0.016458333 | W62: 1.4260185 | Y62: 0.45273148
A63: MICHELLY DE SOUZA LOPES | B63: michellylopes | C63: ATIVIDADE NORMAL | D63: NICOLAS NOLBERTO MENA | E63: BIANCA MUNIZ FERREIRA | F63: RETENCAO | G63: VESPERTINO | H63: OPERADOR DE TELEMARKETING I | I63: 16 | J63: 79 | K63: 3.3857292 | L63: 1.3028009 | M63: =IFERROR(L63/J63,0) -> 0.016491146 | N63: 2.4484954 | O63: =IFERROR(N63/K63,0) -> 0.72318111 | P63: 0.041458333 | Q63: 0.13045139 | R63: 0.022280093 | S63: 0.038842593 | U63: 0.17099537 | V63: 0.12524306 | W63: 1.5545833 | Y63: 0.3646412
A64: MIKAELLE DA SILVA ALVES | B64: mikaellealves | C64: ATIVIDADE NORMAL | D64: RENATA MARQUES LIMA DOS REIS | E64: BIANCA MUNIZ FERREIRA | F64: SAC | G64: VESPERTINO | H64: OPERADOR DE TELEMARKETING I | I64: 16 | J64: 576 | K64: 4.1114931 | L64: 2.989537 | M64: =IFERROR(L64/J64,0) -> 0.0051901736 | N64: 0.5562963 | O64: =IFERROR(N64/K64,0) -> 0.13530274 | P64: 0.027361111 | Q64: 0.21034722 | S64: 0.028217593 | T64: 0.032523148 | U64: 0.18479167 | V64: 0.0031828704 | W64: 0.028425926 | Y64: 0.040138889
A65: MONICA FERREIRA DE SOUZA | B65: monicasouza | C65: ATIVIDADE NORMAL | D65: MARCOS VINICIUS ALVES DE OLIVEIRA | E65: BIANCA MUNIZ FERREIRA | F65: RETENCAO | G65: MATUTINO | H65: OPERADOR DE TELEMARKETING I | I65: 16 | J65: 160 | K65: 3.7378125 | L65: 2.4290972 | M65: =IFERROR(L65/J65,0) -> 0.015181852 | N65: 1.9407176 | O65: =IFERROR(N65/K65,0) -> 0.51921213 | P65: 0.075694444 | Q65: 0.23186343 | R65: 0.015451389 | S65: 0.0050578704 | T65: 0.019016204 | U65: 0.20236111 | V65: 0.12877315 | W65: 0.082175926 | Y65: 1.1802199
A66: MORGANA NATARRY RIBEIRO REIS | B66: morganareis | C66: ATIVIDADE NORMAL | D66: MARCOS VINICIUS ALVES DE OLIVEIRA | E66: BIANCA MUNIZ FERREIRA | F66: RETENCAO | G66: MATUTINO | H66: OPERADOR DE TELEMARKETING I | I66: 15 | J66: 169 | K66: 3.4578704 | L66: 2.2530324 | M66: =IFERROR(L66/J66,0) -> 0.013331551 | N66: 1.6170949 | O66: =IFERROR(N66/K66,0) -> 0.46765631 | P66: 0.1074537 | Q66: 0.14578704 | R66: 0.0038078704 | S66: 0.032777778 | T66: 0.0029398148 | U66: 0.1752662 | V66: 0.11375 | W66: 0.057453704 | Y66: 0.97146991
A67: NADYA REGIANE RAMOS BESSA | B67: nadyabessa | C67: ATIVIDADE NORMAL | D67: MARCOS VINICIUS ALVES DE OLIVEIRA | E67: BIANCA MUNIZ FERREIRA | F67: RETENCAO | G67: MATUTINO | H67: OPERADOR DE TELEMARKETING I | I67: 15 | J67: 106 | K67: 3.1538194 | L67: 2.0524074 | M67: =IFERROR(L67/J67,0) -> 0.019362338 | N67: 1.3120718 | O67: =IFERROR(N67/K67,0) -> 0.41602628 | P67: 0.030659722 | Q67: 0.18043981 | R67: 0.15793981 | U67: 0.14965278 | V67: 0.029351852 | W67: 0.0759375 | Y67: 0.68800926
A68: NATALIA AZEVEDO DA SILVA | B68: nataliaazevedo | C68: ATIVIDADE NORMAL | D68: NICOLAS NOLBERTO MENA | E68: BIANCA MUNIZ FERREIRA | F68: RETENCAO | G68: VESPERTINO | H68: OPERADOR DE TELEMARKETING I | I68: 14 | J68: 75 | K68: 2.8886458 | L68: 1.1928356 | M68: =IFERROR(L68/J68,0) -> 0.015904479 | N68: 2.0800231 | O68: =IFERROR(N68/K68,0) -> 0.7200686 | P68: 0.10542824 | Q68: 0.19409722 | S68: 0.059490741 | U68: 0.16725694 | V68: 0.10104167 | W68: 1.0438426 | Y68: 0.40886574
A69: NATANIA CRISTINA ALVES DA SILVA | B69: nataniasilva | C69: ATIVIDADE NORMAL | D69: MARCOS VINICIUS ALVES DE OLIVEIRA | E69: BIANCA MUNIZ FERREIRA | F69: RETENCAO | G69: MATUTINO | H69: OPERADOR DE TELEMARKETING I | I69: 7 | J69: 90 | K69: 1.786713 | L69: 1.3613194 | M69: =IFERROR(L69/J69,0) -> 0.015125775 | N69: 0.83833333 | O69: =IFERROR(N69/K69,0) -> 0.46920426 | P69: 0.055659722 | Q69: 0.13309028 | S69: 0.0097685185 | U69: 0.10483796 | V69: 0.029583333 | W69: 0.0072453704 | Y69: 0.49811343
A70: NATHALIA DOS SANTOS MORAIS | B70: nathaliamorais | C70: ATIVIDADE NORMAL | D70: NICOLAS NOLBERTO MENA | E70: BIANCA MUNIZ FERREIRA | F70: RETENCAO | G70: VESPERTINO | H70: OPERADOR DE TELEMARKETING I | I70: 15 | J70: 83 | K70: 2.7821181 | L70: 1.3007755 | M70: =IFERROR(L70/J70,0) -> 0.015671991 | N70: 2.1001273 | O70: =IFERROR(N70/K70,0) -> 0.75486635 | P70: 0.078680556 | Q70: 0.22945602 | S70: 0.024699074 | U70: 0.19466435 | V70: 0.059571759 | W70: 1.217581 | Y70: 0.29546296
A71: NAYARA BISPO DO ESPIRITO SANTO | B71: nayarapereira | C71: ATIVIDADE NORMAL | D71: REGINALDO SOUSA BARBOSA | E71: KARLA DAS DORES DE SOUSA | F71: COBRANCA | G71: VESPERTINO | H71: OPERADOR DE TELEMARKETING I | I71: 15 | J71: 288 | K71: 3.8807986 | L71: 0.97493056 | M71: =IFERROR(L71/J71,0) -> 0.0033851736 | N71: 0.51233796 | O71: =IFERROR(N71/K71,0) -> 0.13201869 | P71: 0.034178241 | Q71: 0.20634259 | S71: 0.031956019 | T71: 0.017407407 | U71: 0.20052083 | V71: 0.015127315 | W71: 0.0055902778
A72: ODETE AQUINO SILVA | B72: odetesilva | C72: ATIVIDADE NORMAL | D72: NICOLAS NOLBERTO MENA | E72: BIANCA MUNIZ FERREIRA | F72: RETENCAO | G72: VESPERTINO | H72: OPERADOR DE TELEMARKETING I | I72: 16 | J72: 88 | K72: 3.5567245 | L72: 1.5002431 | M72: =IFERROR(L72/J72,0) -> 0.017048218 | N72: 2.868044 | O72: =IFERROR(N72/K72,0) -> 0.80637225 | P72: 0.1565625 | Q72: 0.2284375 | S72: 0.024976852 | U72: 0.19222222 | V72: 0.074259259 | W72: 1.6814468 | Y72: 0.51012731
A73: ORNELIA DE AGUIAR CORDEIRO BARBOSA | B73: orneliabarbosa | C73: ATIVIDADE NORMAL | D73: NICOLAS NOLBERTO MENA | E73: BIANCA MUNIZ FERREIRA | F73: RETENCAO | G73: VESPERTINO | H73: OPERADOR DE TELEMARKETING I | I73: 4 | J73: 45 | K73: 0.94490741 | L73: 0.66074074 | M73: =IFERROR(L73/J73,0) -> 0.014683125 | N73: 0.53284722 | O73: =IFERROR(N73/K73,0) -> 0.56391475 | P73: 0.027361111 | Q73: 0.081724537 | R73: 0.012962963 | S73: 0.014074074 | T73: 0.011018519 | U73: 0.072164352 | V73: 0.016516204 | W73: 0.056168981 | Y73: 0.24085648
A74: PAULA CRISTINA CAETANO DA SILVA | B74: paulasilva | C74: ATIVIDADE NORMAL | D74: NICOLAS NOLBERTO MENA | E74: BIANCA MUNIZ FERREIRA | F74: RETENCAO | G74: VESPERTINO | H74: OPERADOR DE TELEMARKETING I | I74: 12 | J74: 77 | K74: 2.4289352 | L74: 1.0878009 | M74: =IFERROR(L74/J74,0) -> 0.01412728 | N74: 1.8052894 | O74: =IFERROR(N74/K74,0) -> 0.74324311 | P74: 0.057962963 | Q74: 0.10868056 | S74: 0.036458333 | U74: 0.1102662 | V74: 0.085625 | W74: 0.89858796 | Y74: 0.50769676
A75: POLIANA OLIVEIRA CORREIA | B75: polianacorreia | C75: ATIVIDADE NORMAL | D75: RAFAEL ALVES DE LIMA | E75: BIANCA MUNIZ FERREIRA | F75: SAC | G75: MATUTINO | H75: OPERADOR DE TELEMARKETING I | I75: 15 | J75: 448 | K75: 3.5532523 | L75: 1.7444676 | M75: =IFERROR(L75/J75,0) -> 0.0038939005 | N75: 0.71075231 | O75: =IFERROR(N75/K75,0) -> 0.20002866 | P75: 0.080474537 | Q75: 0.20818287 | S75: 0.019409722 | U75: 0.14796296 | V75: 0.12109954 | W75: 0.055 | Y75: 0.078530093
A76: RAFAELLA BARBOSA DOS SANTOS | B76: rafaellasantos | C76: TREINAMENTO | D76: RENATA MARQUES LIMA DOS REIS | E76: BIANCA MUNIZ FERREIRA | F76: SAC | G76: VESPERTINO | H76: OPERADOR DE TELEMARKETING I | I76: 12 | J76: 354 | K76: 3.0904051 | L76: 1.8252315 | M76: =IFERROR(L76/J76,0) -> 0.0051560185 | N76: 0.72189815 | O76: =IFERROR(N76/K76,0) -> 0.23359337 | P76: 0.26092593 | Q76: 0.15201389 | S76: 0.016909722 | T76: 0.034826389 | U76: 0.15436343 | V76: 0.004212963 | W76: 0.071296296 | Y76: 0.027141204
A77: RAYCA ALVES DA SILVA GONCALVES | B77: raycagoncalves | C77: ATIVIDADE NORMAL | D77: MARCOS VINICIUS ALVES DE OLIVEIRA | E77: BIANCA MUNIZ FERREIRA | F77: RETENCAO | G77: MATUTINO | H77: OPERADOR DE TELEMARKETING I | I77: 15 | J77: 121 | K77: 3.2013773 | L77: 1.6253241 | M77: =IFERROR(L77/J77,0) -> 0.013432431 | N77: 1.8974884 | O77: =IFERROR(N77/K77,0) -> 0.59271002 | P77: 0.18703704 | Q77: 0.21886574 | R77: 0.10017361 | S77: 0.027662037 | U77: 0.19144676 | V77: 0.16231481 | W77: 0.043738426 | Y77: 0.96200231
A78: RYAN FELYPE LOURENCO REGO | B78: ryanrego | C78: ATIVIDADE NORMAL | D78: RENATA MARQUES LIMA DOS REIS | E78: BIANCA MUNIZ FERREIRA | F78: SAC | G78: VESPERTINO | H78: OPERADOR DE TELEMARKETING I | I78: 16 | J78: 609 | K78: 3.9041667 | L78: 2.5313079 | M78: =IFERROR(L78/J78,0) -> 0.0041565046 | N78: 0.82853009 | O78: =IFERROR(N78/K78,0) -> 0.21221689 | P78: 0.25099537 | Q78: 0.22554398 | S78: 0.044375 | T78: 0.0036689815 | U78: 0.23903935 | V78: 0.0040972222 | W78: 0.019363426 | Y78: 0.041435185
A79: SABRINA DA COSTA NERES | B79: sabrinaneres | C79: ATIVIDADE NORMAL | D79: NICOLAS NOLBERTO MENA | E79: BIANCA MUNIZ FERREIRA | F79: RETENCAO | G79: VESPERTINO | H79: OPERADOR DE TELEMARKETING I | I79: 16 | J79: 100 | K79: 3.3303125 | L79: 1.5673264 | M79: =IFERROR(L79/J79,0) -> 0.015673264 | N79: 2.5115394 | O79: =IFERROR(N79/K79,0) -> 0.75414525 | P79: 0.11489583 | Q79: 0.20759259 | S79: 0.014907407 | U79: 0.17130787 | V79: 0.14996528 | W79: 1.5139352 | Y79: 0.33893519
A80: SABRINA SILVA DE SOUSA | B80: sabrinasousa | C80: ATIVIDADE NORMAL | D80: MARCOS VINICIUS ALVES DE OLIVEIRA | E80: BIANCA MUNIZ FERREIRA | F80: RETENCAO | G80: MATUTINO | H80: OPERADOR DE TELEMARKETING I | I80: 16 | J80: 211 | K80: 3.6674884 | L80: 2.4593287 | M80: =IFERROR(L80/J80,0) -> 0.01165559 | N80: 1.8170718 | O80: =IFERROR(N80/K80,0) -> 0.49545399 | P80: 0.18827546 | Q80: 0.24987269 | R80: 0.0097800926 | S80: 0.02787037 | T80: 0.037546296 | U80: 0.24784722 | V80: 0.12684028 | W80: 0.054050926 | Y80: 0.87480324
A81: SHIRLEY LUZIA DE SOUSA ANDRADE | B81: shirleyandrade | C81: ATIVIDADE NORMAL | D81: RAFAEL ALVES DE LIMA | E81: BIANCA MUNIZ FERREIRA | F81: SAC | G81: MATUTINO | H81: OPERADOR DE TELEMARKETING I | I81: 16 | J81: 347 | K81: 4.0018866 | L81: 2.1164005 | M81: =IFERROR(L81/J81,0) -> 0.0060991319 | N81: 0.58921296 | O81: =IFERROR(N81/K81,0) -> 0.1472338 | P81: 0.061689815 | Q81: 0.21697917 | R81: 0.0084027778 | S81: 0.049594907 | U81: 0.2150463 | V81: 0.035208333 | W81: 0.0022453704
A82: SONIA CRISTINA ALVES DO CARMO | B82: soniacarmo | C82: ATIVIDADE NORMAL | D82: NICOLAS NOLBERTO MENA | E82: BIANCA MUNIZ FERREIRA | F82: RETENCAO | G82: VESPERTINO | H82: OPERADOR DE TELEMARKETING I | I82: 1 | J82: 11 | K82: 0.26732639 | L82: 0.055243056 | M82: =IFERROR(L82/J82,0) -> 0.0050220949 | N82: 0.12956019 | O82: =IFERROR(N82/K82,0) -> 0.48465169 | P82: 9.2592593e-05 | Q82: 0.01599537 | R82: 0.00011574074 | S82: 0.019409722 | T82: 0.0016319444 | U82: 0.019502315 | V82: 0.0011111111 | W82: 0.01 | Y82: 0.061701389
A83: SOPHIA ASSIS CARDOSO | B83: sophiacardoso | C83: ATIVIDADE NORMAL | D83: JENNYFER CABRERA DA CRUZ LIMA | E83: KARLA DAS DORES DE SOUSA | F83: BACKOFFICE | G83: INTEGRAL | H83: OPERADOR DE TELEMARKETING II | I83: 16 | J83: 22 | K83: 3.7298843 | L83: 0.097118056 | M83: =IFERROR(L83/J83,0) -> 0.004414456 | N83: 0.51324074 | O83: =IFERROR(N83/K83,0) -> 0.13760232 | P83: 0.07681713 | Q83: 0.26175926 | S83: 0.0010300926 | U83: 0.12900463 | V83: 0.0043402778 | W83: 0.0015046296 | Y83: 0.038726852
A84: TALYTA GABRYELE SILVA SOUZA | B84: talytasouza | C84: ATIVIDADE NORMAL | D84: MARCOS VINICIUS ALVES DE OLIVEIRA | E84: BIANCA MUNIZ FERREIRA | F84: RETENCAO | G84: MATUTINO | H84: OPERADOR DE TELEMARKETING I | I84: 16 | J84: 159 | K84: 3.7773264 | L84: 2.2029167 | M84: =IFERROR(L84/J84,0) -> 0.013854826 | N84: 2.3079167 | O84: =IFERROR(N84/K84,0) -> 0.61099212 | P84: 0.070011574 | Q84: 0.22696759 | S84: 0.035578704 | U84: 0.21162037 | V84: 0.019074074 | W84: 0.034606481 | Y84: 1.7100579
A85: THAIS DO SOCORRO CAVALCANTE MARIANO | B85: thaismariano | C85: ATIVIDADE NORMAL | D85: NICOLAS NOLBERTO MENA | E85: BIANCA MUNIZ FERREIRA | F85: RETENCAO | G85: VESPERTINO | H85: OPERADOR DE TELEMARKETING I | I85: 16 | J85: 108 | K85: 3.3484954 | L85: 1.8464815 | M85: =IFERROR(L85/J85,0) -> 0.017097049 | N85: 1.8767708 | O85: =IFERROR(N85/K85,0) -> 0.56048184 | P85: 0.065173611 | Q85: 0.1521412 | R85: 0.0014814815 | S85: 0.011805556 | T85: 5.787037e-05 | U85: 0.14563657 | V85: 0.010914352 | W85: 1.2840394 | Y85: 0.20530093
A86: TRISSY DE PAULA ARAUJO | B86: trissyaraujo | C86: ATIVIDADE NORMAL | D86: RAFAEL ALVES DE LIMA | E86: BIANCA MUNIZ FERREIRA | F86: SAC | G86: MATUTINO | H86: OPERADOR DE TELEMARKETING I | I86: 14 | J86: 394 | K86: 3.0174074 | L86: 1.3762384 | M86: =IFERROR(L86/J86,0) -> 0.0034929861 | N86: 0.52059028 | O86: =IFERROR(N86/K86,0) -> 0.172529 | P86: 0.054895833 | Q86: 0.20640046 | S86: 0.023703704 | U86: 0.15177083 | V86: 0.016458333 | W86: 0.0015509259 | Y86: 0.065752315
A87: VALDELICIA VIEIRA LIMA | B87: valdelicialima | C87: ATIVIDADE NORMAL | D87: MARCOS VINICIUS ALVES DE OLIVEIRA | E87: BIANCA MUNIZ FERREIRA | F87: RETENCAO | G87: MATUTINO | H87: OPERADOR DE TELEMARKETING I | I87: 16 | J87: 146 | K87: 3.8080093 | L87: 2.5941435 | M87: =IFERROR(L87/J87,0) -> 0.017768102 | N87: 1.7986921 | O87: =IFERROR(N87/K87,0) -> 0.47234447 | P87: 0.057847222 | Q87: 0.20645833 | U87: 0.18178241 | V87: 0.027696759 | W87: 0.1405787 | Y87: 1.1842593
A88: WANESSA MORAES FILGUEIRA | B88: wanessafilgueira | C88: ATIVIDADE NORMAL | D88: PAULA FERNANDA ALVES | E88: KARLA DAS DORES DE SOUSA | F88: COBRANCA | G88: MATUTINO | H88: OPERADOR DE TELEMARKETING I | I88: 16 | J88: 177 | K88: 4.0536458 | L88: 1.001169 | M88: =IFERROR(L88/J88,0) -> 0.0056563194 | N88: 0.68791667 | O88: =IFERROR(N88/K88,0) -> 0.1697032 | P88: 0.099710648 | Q88: 0.17831019 | R88: 0.062361111 | S88: 0.10230324 | T88: 0.019201389 | U88: 0.20414352 | V88: 0.0043518519 | W88: 0.016435185
A89: WANESSA YASMIM DE ALMEIDA CHAVES | B89: wanessachaves | C89: ATIVIDADE NORMAL | D89: RAFAEL ALVES DE LIMA | E89: BIANCA MUNIZ FERREIRA | F89: SAC | G89: MATUTINO | H89: OPERADOR DE TELEMARKETING I | I89: 15 | J89: 622 | K89: 3.374838 | L89: 1.4467014 | M89: =IFERROR(L89/J89,0) -> 0.0023258912 | N89: 0.59340278 | O89: =IFERROR(N89/K89,0) -> 0.17583149 | P89: 0.078402778 | Q89: 0.2122338 | R89: 0.0098958333 | S89: 0.026724537 | U89: 0.18780093 | V89: 0.034108796 | W89: 0.0021296296 | Y89: 0.042094907
A90: WILDSON DOS ANJOS FELIPE | B90: wildsonfelipe | C90: ATIVIDADE NORMAL | D90: MARCOS VINICIUS ALVES DE OLIVEIRA | E90: BIANCA MUNIZ FERREIRA | F90: RETENCAO | G90: MATUTINO | H90: OPERADOR DE TELEMARKETING I | I90: 16 | J90: 124 | K90: 3.7869676 | L90: 2.6720718 | M90: =IFERROR(L90/J90,0) -> 0.02154897 | N90: 1.6762384 | O90: =IFERROR(N90/K90,0) -> 0.44263342 | P90: 0.021597222 | Q90: 0.20962963 | S90: 0.037141204 | U90: 0.17565972 | V90: 0.043171296 | W90: 0.016712963 | Y90: 1.1722685
A91: YARA DO CARMO DA CONCEICAO | B91: yaraconceicao | C91: ATIVIDADE NORMAL | D91: REGINALDO SOUSA BARBOSA | E91: KARLA DAS DORES DE SOUSA | F91: COBRANCA | G91: VESPERTINO | H91: OPERADOR DE TELEMARKETING I | I91: 15 | J91: 290 | K91: 3.6478704 | L91: 0.92605324 | M91: =IFERROR(L91/J91,0) -> 0.003193287 | N91: 0.51570602 | O91: =IFERROR(N91/K91,0) -> 0.1413718 | P91: 0.044861111 | Q91: 0.20554398 | R91: 0.0030902778 | S91: 0.034351852 | T91: 0.0094328704 | U91: 0.19728009 | V91: 0.0072222222 | W91: 0.012199074 | Y91: 0.0013888889
A92: YSABELY YSTEFFANY ANTONIO SANTOS | B92: ysabellysantos | C92: ATIVIDADE NORMAL | D92: REGINALDO SOUSA BARBOSA | E92: KARLA DAS DORES DE SOUSA | F92: COBRANCA | G92: VESPERTINO | H92: OPERADOR DE TELEMARKETING I | I92: 5 | J92: 95 | K92: 1.2823148 | L92: 0.26538194 | M92: =IFERROR(L92/J92,0) -> 0.0027934954 | N92: 0.26217593 | O92: =IFERROR(N92/K92,0) -> 0.2044552 | P92: 0.029490741 | Q92: 0.10355324 | S92: 0.072465278 | U92: 0.044780093 | V92: 0.00047453704 | W92: 0.010277778 | Y92: 0.0008912037
A93: ANA JULIA LOPES DE CASTRO | B93: anacastro | C93: ATIVIDADE NORMAL | D93: MARCOS VINICIUS ALVES DE OLIVEIRA | E93: BIANCA MUNIZ FERREIRA | F93: RETENCAO | G93: MATUTINO | H93: OPERADOR DE TELEMARKETING I | I93: 15 | J93: 131 | K93: 3.3202431 | L93: 2.1173843 | M93: =IFERROR(L93/J93,0) -> 0.016163241 | N93: 1.8757407 | O93: =IFERROR(N93/K93,0) -> 0.56494079 | P93: 0.083298611 | Q93: 0.18873843 | S93: 0.029201389 | U93: 0.16625 | V93: 0.16709491 | W93: 0.029907407 | Y93: 1.211169
A94: ANA PAULA NASCIMENTO MONTEIRO | B94: anamonte | C94: ATIVIDADE NORMAL | D94: JENNYFER CABRERA DA CRUZ LIMA | E94: KARLA DAS DORES DE SOUSA | F94: BACKOFFICE | G94: INTEGRAL | H94: OPERADOR DE TELEMARKETING II | I94: 13 | J94: 0 | K94: 2.0995602 | L94: 0 | M94: =IFERROR(L94/J94,0) -> 0 | N94: 1.5318287 | O94: =IFERROR(N94/K94,0) -> 0.72959504 | T94: 0.20010417 | U94: 0.2221875 | V94: 1.1094097
A95: ANNE HELOIZA NOGUEIRA SANTOS | B95: annegontijo | C95: ATIVIDADE NORMAL | D95: MARCOS VINICIUS ALVES DE OLIVEIRA | E95: BIANCA MUNIZ FERREIRA | F95: RETENCAO | G95: MATUTINO | H95: OPERADOR DE TELEMARKETING I | I95: 9 | J95: 142 | K95: 2.1986343 | L95: 1.5698958 | M95: =IFERROR(L95/J95,0) -> 0.011055602 | N95: 0.98940972 | O95: =IFERROR(N95/K95,0) -> 0.45001105 | P95: 0.094016204 | Q95: 0.14082176 | R95: 0.048125 | S95: 0.014016204 | T95: 0.033981481 | U95: 0.11842593 | V95: 0.0045023148 | W95: 0.031273148 | Y95: 0.50229167
A96: CAMILA MORAIS PIERI | B96: camilapi | C96: ATIVIDADE NORMAL | D96: JENNYFER CABRERA DA CRUZ LIMA | E96: KARLA DAS DORES DE SOUSA | F96: BACKOFFICE | G96: INTEGRAL | H96: OPERADOR DE TELEMARKETING II | I96: 13 | J96: 0 | K96: 4.0142477 | L96: 0 | M96: =IFERROR(L96/J96,0) -> 0 | N96: 1.158912 | O96: =IFERROR(N96/K96,0) -> 0.28869968 | P96: 0.0033449074 | T96: 0.28643519 | U96: 0.19157407 | V96: 0.0027662037 | W96: 0.49298611 | Y96: 0.14259259
A97: CARLOS AUGUSTO MOREIRA BERGUES | B97: carlosbergues | C97: ATIVIDADE NORMAL | D97: RENATA MARQUES LIMA DOS REIS | E97: BIANCA MUNIZ FERREIRA | F97: SAC | G97: VESPERTINO | H97: OPERADOR DE TELEMARKETING I | I97: 8 | J97: 35 | K97: 1.6950694 | L97: 0.32055556 | M97: =IFERROR(L97/J97,0) -> 0.0091587269 | N97: 1.3694907 | O97: =IFERROR(N97/K97,0) -> 0.80792604 | P97: 0.06744213 | Q97: 0.06724537 | T97: 0.011759259 | U97: 0.12771991 | V97: 0.0128125 | Y97: 1.0825116
A98: CASSIA CRISTINA CARVALHO GONCALVES | B98: cassiagoncalves | C98: ATIVIDADE NORMAL | D98: NICOLAS NOLBERTO MENA | E98: BIANCA MUNIZ FERREIRA | F98: RETENCAO | G98: VESPERTINO | H98: OPERADOR DE TELEMARKETING I | I98: 13 | J98: 55 | K98: 2.7139931 | L98: 1.3061343 | M98: =IFERROR(L98/J98,0) -> 0.023747894 | N98: 2.0412731 | O98: =IFERROR(N98/K98,0) -> 0.7521291 | P98: 0.063356481 | Q98: 0.1791088 | S98: 0.040300926 | U98: 0.16310185 | V98: 0.011006944 | W98: 1.0630903 | Y98: 0.52130787
A99: DAYANE FERNANDA PEREIRA DE ALMEIDA | B99: dayanealmeida | C99: ATIVIDADE NORMAL | D99: PAULA FERNANDA ALVES | E99: KARLA DAS DORES DE SOUSA | F99: COBRANCA | G99: MATUTINO | H99: OPERADOR DE TELEMARKETING I | I99: 14 | J99: 277 | K99: 3.3583796 | L99: 0.74680556 | M99: =IFERROR(L99/J99,0) -> 0.0026960532 | N99: 0.56407407 | O99: =IFERROR(N99/K99,0) -> 0.16796019 | P99: 0.029351852 | Q99: 0.15988426 | R99: 0.0128125 | S99: 0.084247685 | T99: 0.00011574074 | U99: 0.18030093 | V99: 0.085300926 | W99: 0.011597222 | Y99: 3.4722222e-05
A100: DENISE MARINHO DE SOUZA | B100: denisesouza | C100: ATIVIDADE NORMAL | D100: NICOLAS NOLBERTO MENA | E100: BIANCA MUNIZ FERREIRA | F100: RETENCAO | G100: VESPERTINO | H100: OPERADOR DE TELEMARKETING I | I100: 12 | J100: 66 | K100: 2.2512037 | L100: 1.1114815 | M100: =IFERROR(L100/J100,0) -> 0.016840625 | N100: 1.891956 | O100: =IFERROR(N100/K100,0) -> 0.84041973 | P100: 0.22734954 | Q100: 0.16832176 | S100: 0.00045138889 | U100: 0.12913194 | V100: 0.0039236111 | W100: 1.0159606 | Y100: 0.34681713
...

Sheet Diário
A1: Pausas Detalhadas
A2: Data | B2: Nome Completo | C2: ID Sistema | D2: Supervisor | E2: Área | F2: Turno | G2: Chamadas | H2: Tempo Logado | I2: Tempo Falado | J2: TMA | K2: Tempo Pausado | L2: Pausa % Login | M2: Pausas Detalhadas? | N2: BANHEI | O2: DESCAN | P2: DISMX | Q2: FEEDBK | R2: LAGGED | S2: LANCHE | T2: LOGIN | U2: MANUAL | V2: TESTE | W2: TREINA
A3: 46235 | B3: ADRIAM DA CONCEICAO SILVA | C3: adriamsilva | D3: JENNYFER CABRERA DA CRUZ LIMA | E3: BACKOFFICE | F3: VESPERTINO | G3: 0 | H3: 0.25207176 | I3: 0 | J3: 0 | K3: 0.045925926 | L3: 0.18219386 | M3: Sim | N3: 0.01875 | O3: 0.0079513889 | S3: 0.01474537 | T3: 0.0044791667
A4: 46235 | B4: ALAINE BARBOSA RIBEIRO | C4: alaineribeiro | D4: RAFAEL ALVES DE LIMA | E4: SAC | F4: MATUTINO | G4: 12 | H4: 0.25457176 | I4: 0.11768519 | J4: 0.0098070988 | K4: 0.039803241 | L4: 0.15635372 | M4: Sim | N4: 0.0079398148 | O4: 0.013622685 | S4: 0.01431713 | T4: 0.0032407407 | U4: 0.00068287037
A5: 46235 | B5: ALEXANDRE LOPES DOS SANTOS | C5: alexandresantos | D5: REGINALDO SOUSA BARBOSA | E5: COBRANCA | F5: VESPERTINO | G5: 8 | H5: 0.2575 | I5: 0.026770833 | J5: 0.0033463542 | K5: 0.032025463 | L5: 0.12437073 | M5: Sim | N5: 0.0033564815 | O5: 0.013831019 | S5: 0.014340278 | T5: 0.00013888889 | U5: 0.00033564815
A6: 46235 | B6: AMANDA LORENA ALVES | C6: amandaalves | D6: RAFAEL ALVES DE LIMA | E6: SAC | F6: MATUTINO | G6: 23 | H6: 0.25962963 | I6: 0.089826389 | J6: 0.0039054952 | K6: 0.057037037 | L6: 0.21968616 | M6: Sim | O6: 0.0153125 | S6: 0.014803241 | T6: 0.014421296 | U6: 0.00041666667 | W6: 0.012048611
A7: 46235 | B7: ANANDA SANTOS VIEIRA | C7: anandavieira | D7: RAFAEL ALVES DE LIMA | E7: SAC | F7: MATUTINO | G7: 23 | H7: 0.27071759 | I7: 0.059143519 | J7: 0.0025714573 | K7: 0.043402778 | L7: 0.16032493 | M7: Sim | N7: 0.007337963 | O7: 0.0071296296 | R7: 0.007650463 | S7: 0.01494213 | T7: 0.0055439815 | U7: 0.00023148148
A8: 46235 | B8: ANDRESSA PEREIRA DOS SANTOS | C8: andressasantos | D8: RAFAEL ALVES DE LIMA | E8: SAC | F8: MATUTINO | G8: 24 | H8: 0.25571759 | I8: 0.078842593 | J8: 0.003285108 | K8: 0.039421296 | L8: 0.1541595 | M8: Sim | N8: 0.003287037 | O8: 0.013287037 | S8: 0.013715278 | T8: 0.0069675926 | U8: 0.0021643519
A9: 46235 | B9: ARIENE GONCALVES DE MORAES NASCIMENTO | C9: arienenascimento | D9: RAFAEL ALVES DE LIMA | E9: SAC | F9: MATUTINO | G9: 3 | H9: 0.14228009 | I9: 0.013587963 | J9: 0.004529321 | K9: 0.10108796 | L9: 0.71048564 | M9: Sim | N9: 0.0056018519 | O9: 0.012002315 | T9: 0.04375 | U9: 0.00032407407 | W9: 0.039409722
A10: 46235 | B10: BARBARA GLENDA DONIZETE DIAS | C10: barbaradias | D10: RAFAEL ALVES DE LIMA | E10: SAC | F10: MATUTINO | G10: 3 | H10: 0.2259838 | I10: 0.0077546296 | J10: 0.0025848765 | K10: 0.20126157 | L10: 0.89060179 | M10: Sim | O10: 0.0059606481 | S10: 0.012893519 | T10: 0.00048611111 | W10: 0.1819213
A11: 46235 | B11: BRENDO ARAUJO DA LUZ | C11: brendoluz | D11: NICOLAS NOLBERTO MENA | E11: RETENCAO | F11: VESPERTINO | G11: 8 | H11: 0.25012731 | I11: 0.057731481 | J11: 0.0072164352 | K11: 0.12460648 | L11: 0.49817223 | M11: Sim | O11: 0.015081019 | Q11: 0.021631944 | S11: 0.014016204 | T11: 0.00046296296 | U11: 0.025046296 | W11: 0.048368056
A12: 46235 | B12: CAMILA OLIVEIRA DAS CHAGAS | C12: camilachagas | D12: NICOLAS NOLBERTO MENA | E12: RETENCAO | F12: VESPERTINO | G12: 7 | H12: 0.24979167 | I12: 0.035069444 | J12: 0.0050099206 | K12: 0.11475694 | L12: 0.45941062 | M12: Sim | N12: 0.0086921296 | O12: 0.0196875 | Q12: 0.017974537 | S12: 0.043159722 | T12: 0.00017361111 | U12: 0.0016898148 | W12: 0.023356481
A13: 46235 | B13: CARLA RAYNARA CAMPELO COSTA | C13: carlacampelo | D13: PAULA FERNANDA ALVES | E13: COBRANCA | F13: MATUTINO | G13: 19 | H13: 0.26445602 | I13: 0.029166667 | J13: 0.0015350877 | K13: 0.046377315 | L13: 0.17536873 | M13: Sim | N13: 0.0052546296 | O13: 0.014768519 | Q13: 0.0099421296 | S13: 0.016018519 | T13: 0.00011574074 | U13: 4.6296296e-05 | W13: 0.00021990741
A14: 46235 | B14: DAIANE FERREIRA DA SILVA | C14: daianesilva | D14: PAULA FERNANDA ALVES | E14: COBRANCA | F14: MATUTINO | G14: 19 | H14: 0.26240741 | I14: 0.031678241 | J14: 0.0016672758 | K14: 0.05837963 | L14: 0.22247706 | M14: Sim | N14: 0.0026273148 | O14: 0.010868056 | Q14: 0.029305556 | S14: 0.01443287 | T14: 0.00016203704 | U14: 0.00090277778
A15: 46235 | B15: DANDARA MONTEIRO OLIVEIRA | C15: dandaraoliveira | D15: MARCOS VINICIUS ALVES DE OLIVEIRA | E15: RETENCAO | F15: MATUTINO | G15: 7 | H15: 0.23166667 | I15: 0.12538194 | J15: 0.017911706 | K15: 0.10849537 | L15: 0.46832534 | M15: Sim | N15: 0.033553241 | O15: 0.016354167 | S15: 0.013865741 | T15: 0.00020833333 | U15: 0.009849537 | W15: 0.034664352
A16: 46235 | B16: DANILLO BARBOSA OLIVEIRA | C16: danillooliveira | D16: MARCOS VINICIUS ALVES DE OLIVEIRA | E16: RETENCAO | F16: MATUTINO | G16: 19 | H16: 0.25931713 | I16: 0.19207176 | J16: 0.01010904 | K16: 0.069826389 | L16: 0.26927025 | M16: Sim | N16: 0.014560185 | O16: 0.013900463 | R16: 4.6296296e-05 | S16: 0.013391204 | T16: 0.0009837963 | U16: 0.0014583333 | W16: 0.025474537
A17: 46235 | B17: DEBORA BRAGA DE MATOS AQUINO | C17: deboraaquino | D17: MARCOS VINICIUS ALVES DE OLIVEIRA | E17: RETENCAO | F17: MATUTINO | G17: 16 | H17: 0.27681713 | I17: 0.13174769 | J17: 0.0082342303 | K17: 0.12961806 | L17: 0.46824435 | M17: Sim | N17: 0.011770833 | O17: 0.014872685 | S17: 0.014953704 | T17: 0.072824074 | U17: 0.0010763889 | W17: 0.01412037
A18: 46235 | B18: DEBORA DA SILVA COELHO | C18: deboracoelho | D18: RENATA MARQUES LIMA DOS REIS | E18: SAC | F18: VESPERTINO | G18: 17 | H18: 0.2478125 | I18: 0.10821759 | J18: 0.0063657407 | K18: 0.029930556 | L18: 0.12077904 | M18: Sim | O18: 0.0070717593 | R18: 0.0070949074 | S18: 0.014212963 | T18: 0.00052083333 | U18: 0.00096064815
A19: 46235 | B19: DIOVANIA ROCHA ALVES SANTOS | C19: diovaniasantos | D19: RAFAEL ALVES DE LIMA | E19: SAC | F19: MATUTINO | G19: 2 | H19: 0.21841435 | I19: 0.0098842593 | J19: 0.0049421296 | K19: 0.19186343 | L19: 0.87843781 | M19: Sim | N19: 0.015509259 | O19: 0.013287037 | S19: 0.013935185 | T19: 0.00053240741 | W19: 0.14859954
A20: 46235 | B20: EDUARDO BARBOSA MARQUES | C20: eduardomarques | D20: PAULA FERNANDA ALVES | E20: COBRANCA | F20: MATUTINO | G20: 13 | H20: 0.2575463 | I20: 0.0096875 | J20: 0.00074519231 | K20: 0.059363426 | L20: 0.23049614 | M20: Sim | N20: 0.007662037 | O20: 0.014548611 | Q20: 0.016145833 | S20: 0.014861111 | T20: 8.1018519e-05 | U20: 0.0056944444
A21: 46235 | B21: EDUARDO GABRIEL ANGELIM GONCALVES | C21: eduardogoncalves | D21: RENATA MARQUES LIMA DOS REIS | E21: SAC | F21: VESPERTINO | G21: 14 | H21: 0.23895833 | I21: 0.058483796 | J21: 0.004177414 | K21: 0.028680556 | L21: 0.12002325 | M21: Sim | N21: 0.0078009259 | O21: 0.014282407 | T21: 0.00071759259 | U21: 0.00087962963 | W21: 0.0049421296
A22: 46235 | B22: EDYNAYANE LIMA DE FRANCA | C22: edynayanefranca | D22: RAFAEL ALVES DE LIMA | E22: SAC | F22: MATUTINO | G22: 19 | H22: 0.26371528 | I22: 0.074618056 | J22: 0.0039272661 | K22: 0.058541667 | L22: 0.22198815 | M22: Sim | N22: 0.011076389 | O22: 0.013842593 | S22: 0.01462963 | T22: 0.017384259 | U22: 0.0015393519 | W22: 6.9444444e-05
A23: 46235 | B23: ELAINE OLIVEIRA SILVA | C23: elainesilva | D23: RENATA MARQUES LIMA DOS REIS | E23: SAC | F23: VESPERTINO | G23: 17 | H23: 0.25762731 | I23: 0.094918981 | J23: 0.0055834695 | K23: 0.032650463 | L23: 0.12673525 | M23: Sim | N23: 0.0016087963 | O23: 0.014016204 | S23: 0.014502315 | T23: 0.00015046296 | U23: 0.00079861111 | W23: 0.0015625
A24: 46235 | B24: FABIO BORGES DOS SANTOS FILHO | C24: fabiofilho | D24: MARCOS VINICIUS ALVES DE OLIVEIRA | E24: RETENCAO | F24: MATUTINO | G24: 10 | H24: 0.24667824 | I24: 0.098680556 | J24: 0.0098680556 | K24: 0.11300926 | L24: 0.45812415 | M24: Sim | N24: 0.020219907 | O24: 0.0209375 | S24: 0.017534722 | T24: 0.0016435185 | U24: 0.0040393519 | W24: 0.048622685
A25: 46235 | B25: GABRIELA PIRES DOS SANTOS | C25: gabrielasantos | D25: PAULA FERNANDA ALVES | E25: COBRANCA | F25: MATUTINO | G25: 9 | H25: 0.26329861 | I25: 0.051967593 | J25: 0.005774177 | K25: 0.069143519 | L25: 0.26260495 | M25: Sim | N25: 0.0090393519 | O25: 0.014340278 | P25: 0.0017013889 | Q25: 0.027488426 | S25: 0.013773148 | T25: 0.00094907407 | U25: 0.0018171296
A26: 46235 | B26: GEOVANA DANIELE PINTO DAS NEVES | C26: geovananeves | D26: RAFAEL ALVES DE LIMA | E26: SAC | F26: MATUTINO | G26: 29 | H26: 0.26295139 | I26: 0.097453704 | J26: 0.0033604725 | K26: 0.026875 | L26: 0.1022052 | M26: Sim | N26: 0.0045949074 | O26: 0.0071064815 | Q26: 0.00074074074 | S26: 0.014027778 | T26: 8.1018519e-05 | U26: 0.0003125
A27: 46235 | B27: GEOVANA GABRIELLY QUEIROZ DOS SANTOS | C27: geovanasantos | D27: MARCOS VINICIUS ALVES DE OLIVEIRA | E27: RETENCAO | F27: MATUTINO | G27: 7 | H27: 0.26298611 | I27: 0.16091435 | J27: 0.022987765 | K27: 0.10422454 | L27: 0.39631194 | M27: Sim | N27: 0.0042592593 | O27: 0.013842593 | S27: 0.014525463 | T27: 5.787037e-05 | U27: 0.018831019 | W27: 0.052708333
A28: 46235 | B28: GERLAINY CRISTINA DE OLIVEIRA SANTOS | C28: gerlainysantos | D28: RENATA MARQUES LIMA DOS REIS | E28: SAC | F28: VESPERTINO | G28: 12 | H28: 0.24902778 | I28: 0.11121528 | J28: 0.0092679398 | K28: 0.03900463 | L28: 0.15662763 | M28: Sim | N28: 0.0046412037 | O28: 0.019050926 | S28: 0.014490741 | T28: 0.00025462963 | U28: 0.00032407407
A29: 46235 | B29: GILIELLE MAIANE ROSA E SILVA | C29: giliellesilva | D29: RAFAEL ALVES DE LIMA | E29: SAC | F29: MATUTINO | G29: 19 | H29: 0.2637037 | I29: 0.062511574 | J29: 0.0032900828 | K29: 0.063715278 | L29: 0.24161692 | M29: Sim | N29: 0.016770833 | O29: 0.016342593 | S29: 0.017002315 | T29: 0.013599537
A30: 46235 | B30: GUSTAVO PEREIRA TEIXEIRA | C30: gustavoteixeira | D30: RENATA MARQUES LIMA DOS REIS | E30: SAC | F30: VESPERTINO | G30: 0 | H30: 0.14112269 | I30: 0 | J30: 0 | K30: 0.14112269 | L30: 1 | M30: Sim | N30: 0.014189815 | O30: 0.0077199074 | Q30: 0.0048032407 | S30: 0.0060416667 | T30: 0.00040509259 | W30: 0.10796296
A31: 46235 | B31: HELENA VITORIA MACEDO DUTRA | C31: helenadutra | D31: RAFAEL ALVES DE LIMA | E31: SAC | F31: MATUTINO | G31: 24 | H31: 0.26293981 | I31: 0.097673611 | J31: 0.0040697338 | K31: 0.0018518519 | L31: 0.0070428735 | M31: Sim | T31: 9.2592593e-05 | U31: 0.0016782407 | W31: 1.1574074e-05
A32: 46235 | B32: IASMYM RIBEIRO DA SILVA | C32: iasmymsilva | D32: MARCOS VINICIUS ALVES DE OLIVEIRA | E32: RETENCAO | F32: MATUTINO | G32: 16 | H32: 0.25856481 | I32: 0.18454861 | J32: 0.011534288 | K32: 0.080497685 | L32: 0.31132498 | M32: Sim | N32: 0.02193287 | O32: 0.0099652778 | S32: 0.014212963 | T32: 9.2592593e-05 | U32: 0.01037037 | W32: 0.023888889
A33: 46235 | B33: ISABELA MENDES DAS NEVES | C33: isabelaneves | D33: JENNYFER CABRERA DA CRUZ LIMA | E33: BACKOFFICE | F33: INTEGRAL | G33: 0 | H33: 0.0013541667 | I33: 0 | J33: 0 | K33: 0 | L33: 0 | M33: Não
A34: 46235 | B34: IVONEIDE DUARTE FERREIRA | C34: ivoneideferreira | D34: REGINALDO SOUSA BARBOSA | E34: COBRANCA | F34: VESPERTINO | G34: 12 | H34: 0.26288194 | I34: 0.036585648 | J34: 0.003048804 | K34: 0.030266204 | L34: 0.1151323 | M34: Sim | N34: 0.0015162037 | O34: 0.013981481 | S34: 0.013981481 | T34: 0.00017361111 | U34: 0.00060185185
A35: 46235 | B35: JAMILLY SALES MOTA | C35: jamillymota | D35: RENATA MARQUES LIMA DOS REIS | E35: SAC | F35: VESPERTINO | G35: 11 | H35: 0.25890046 | I35: 0.1815625 | J35: 0.016505682 | K35: 0.036145833 | L35: 0.13961286 | M35: Sim | N35: 0.0050462963 | O35: 0.01474537 | S35: 0.014016204 | T35: 0.00072916667 | U35: 0.0015740741
A36: 46235 | B36: JENNYFER LAIS MATOS LIMA | C36: jennyferlima | D36: RENATA MARQUES LIMA DOS REIS | E36: SAC | F36: VESPERTINO | G36: 0 | H36: 0.1687963 | I36: 0 | J36: 0 | K36: 0.1687963 | L36: 1 | M36: Sim | O36: 0.013912037 | S36: 0.014131944 | T36: 0.00048611111 | W36: 0.1402662
A37: 46235 | B37: JEOVANNA DE LIMA FERREIRA | C37: jeovannaferreira | D37: PAULA FERNANDA ALVES | E37: COBRANCA | F37: MATUTINO | G37: 14 | H37: 0.26445602 | I37: 0.035740741 | J37: 0.0025529101 | K37: 0.047523148 | L37: 0.17970152 | M37: Sim | O37: 0.018113426 | Q37: 0.013344907 | S37: 0.015474537 | T37: 0.00015046296 | U37: 0.00041666667
A38: 46235 | B38: JESSICA SILVA DA COSTA | C38: jessicacosta | D38: RENATA MARQUES LIMA DOS REIS | E38: SAC | F38: VESPERTINO | G38: 16 | H38: 0.25579861 | I38: 0.07681713 | J38: 0.0048010706 | K38: 0.038125 | L38: 0.14904303 | M38: Sim | N38: 0.0070949074 | O38: 0.01443287 | S38: 0.013923611 | T38: 0.0015625 | U38: 0.001099537
A39: 46235 | B39: JOAO PEDRO DE SOUZA SANTOS | C39: joaosantos | D39: REGINALDO SOUSA BARBOSA | E39: COBRANCA | F39: VESPERTINO | G39: 12 | H39: 0.25413194 | I39: 0.034652778 | J39: 0.0028877315 | K39: 0.035104167 | L39: 0.13813362 | M39: Sim | N39: 0.0078240741 | O39: 0.014108796 | R39: 0.0015509259 | S39: 0.010578704 | T39: 0.00054398148 | U39: 0.00048611111
A40: 46235 | B40: JOAO VITOR VIEIRA DA CRUZ | C40: joaocruz | D40: PAULA FERNANDA ALVES | E40: COBRANCA | F40: MATUTINO | G40: 17 | H40: 0.25736111 | I40: 0.0359375 | J40: 0.0021139706 | K40: 0.04619213 | L40: 0.17948372 | M40: Sim | N40: 0.0072569444 | O40: 0.013530093 | Q40: 0.011076389 | S40: 0.014085648 | T40: 0.00013888889 | U40: 9.2592593e-05
A41: 46235 | B41: JORDANNA BEATRIZ BARBOSA REQUEL | C41: jordannarequel | D41: RENATA MARQUES LIMA DOS REIS | E41: SAC | F41: VESPERTINO | G41: 21 | H41: 0.25342593 | I41: 0.090300926 | J41: 0.0043000441 | K41: 0.042094907 | L41: 0.1661034 | M41: Sim | N41: 0.0082523148 | O41: 0.015358796 | Q41: 0.0037268519 | S41: 0.012777778 | T41: 0.00070601852 | U41: 0.0012152778
A42: 46235 | B42: JULLIANA TELES DE CASTRO BARRETO | C42: jullianabarreto | D42: RAFAEL ALVES DE LIMA | E42: SAC | F42: MATUTINO | G42: 16 | H42: 0.26457176 | I42: 0.10538194 | J42: 0.0065863715 | K42: 0.063101852 | L42: 0.23850562 | M42: Sim | N42: 0.021412037 | O42: 0.014189815 | Q42: 0.0024305556 | S42: 0.012685185 | T42: 0.011597222 | U42: 0.00075231481
A43: 46235 | B43: KAILANE TEIXEIRA DE SOUSA | C43: kailanesousa | D43: NICOLAS NOLBERTO MENA | E43: VENDAS | F43: VESPERTINO | G43: 18 | H43: 0.25240741 | I43: 0.054976852 | J43: 0.0030542695 | K43: 0.080231481 | L43: 0.317865 | M43: Sim | N43: 0.04443287 | O43: 0.010243056 | Q43: 0.0037268519 | S43: 0.020219907 | T43: 0.0014583333 | U43: 0.00015046296
A44: 46235 | B44: KALISSA VALERIO GONCALVES | C44: kalissagoncalves | D44: REGINALDO SOUSA BARBOSA | E44: COBRANCA | F44: VESPERTINO | G44: 10 | H44: 0.26148148 | I44: 0.024652778 | J44: 0.0024652778 | K44: 0.040833333 | L44: 0.15616147 | M44: Sim | N44: 0.010960648 | O44: 0.015486111 | S44: 0.013784722 | T44: 0.00015046296 | U44: 0.00013888889
A45: 46235 | B45: KAROLYNY KELLY OLIVEIRA ASSIS | C45: karolynyassis | D45: PAULA FERNANDA ALVES | E45: COBRANCA | F45: MATUTINO | G45: 10 | H45: 0.25469907 | I45: 0.038217593 | J45: 0.0038217593 | K45: 0.057210648 | L45: 0.22462056 | M45: Sim | O45: 0.014479167 | Q45: 0.026909722 | S45: 0.013842593 | T45: 0.00011574074 | U45: 0.0017708333
A46: 46235 | B46: KEYTH RODRIGUES DE MORAIS | C46: keythmorais | D46: MARCOS VINICIUS ALVES DE OLIVEIRA | E46: VENDAS | F46: MATUTINO | G46: 22 | H46: 0.25930556 | I46: 0.045219907 | J46: 0.0020554503 | K46: 0.10219907 | L46: 0.39412605 | M46: Sim | N46: 0.017164352 | O46: 0.026643519 | S46: 0.014050926 | T46: 0.013402778 | U46: 0.00021990741 | W46: 0.030694444
A47: 46235 | B47: LAIS RIBEIRO DA SILVA | C47: laissilva | D47: PAULA FERNANDA ALVES | E47: COBRANCA | F47: MATUTINO | G47: 10 | H47: 0.2653588 | I47: 0.024201389 | J47: 0.0024201389 | K47: 0.056284722 | L47: 0.21210799 | M47: Sim | N47: 0.0040625 | O47: 0.014027778 | Q47: 0.015625 | S47: 0.014282407 | T47: 0.0040972222 | U47: 0.0040740741
A48: 46235 | B48: LARA SOUZA HEINZ | C48: laraheinz | D48: NICOLAS NOLBERTO MENA | E48: RETENCAO | F48: VESPERTINO | G48: 2 | H48: 0.17953704 | I48: 0.12479167 | J48: 0.062395833 | K48: 0.13241898 | L48: 0.73755802 | M48: Sim | N48: 0.021412037 | O48: 0.010821759 | S48: 0.017511574 | T48: 0.0005787037 | W48: 0.082094907
A49: 46235 | B49: LARISSA DA COSTA XAVIER | C49: larissaxavier | D49: RAFAEL ALVES DE LIMA | E49: SAC | F49: MATUTINO | G49: 1 | H49: 0.20333333 | I49: 0.0059722222 | J49: 0.0059722222 | K49: 0.18802083 | L49: 0.92469262 | M49: Sim | T49: 0.043703704 | W49: 0.14431713
A50: 46235 | B50: LAURA CRISTINNY DOS REIS CIRQUEIRA | C50: lauracirqueira | D50: RENATA MARQUES LIMA DOS REIS | E50: SAC | F50: VESPERTINO | G50: 11 | H50: 0.26231481 | I50: 0.14040509 | J50: 0.012764099 | K50: 0.030034722 | L50: 0.11449876 | M50: Sim | O50: 0.01400463 | S50: 0.014351852 | T50: 0.00075231481 | U50: 0.00090277778
A51: 46235 | B51: LEIDIANE BARBOSA CAMPOS OLIVA | C51: leidianeoliva | D51: RAFAEL ALVES DE LIMA | E51: SAC | F51: MATUTINO | G51: 15 | H51: 0.24864583 | I51: 0.1162037 | J51: 0.0077469136 | K51: 0.0409375 | L51: 0.16464181 | M51: Sim | N51: 0.00011574074 | O51: 0.012893519 | S51: 0.017361111 | T51: 5.787037e-05 | U51: 0.00096064815 | W51: 0.009525463
A52: 46235 | B52: LIDIA GABRIELLY DOS SANTOS SOUSA | C52: lidiasousa | D52: NICOLAS NOLBERTO MENA | E52: RETENCAO | F52: VESPERTINO | G52: 6 | H52: 0.19097222 | I52: 0.053113426 | J52: 0.0088522377 | K52: 0.08931713 | L52: 0.46769697 | M52: Sim | N52: 0.0028009259 | O52: 0.0086689815 | Q52: 0.0071527778 | S52: 0.016087963 | T52: 0.0002662037 | W52: 0.054340278
A53: 46235 | B53: LORRANE PAES DE OLIVEIRA | C53: lorraneoliveira | D53: RENATA MARQUES LIMA DOS REIS | E53: SAC | F53: VESPERTINO | G53: 16 | H53: 0.26341435 | I53: 0.080844907 | J53: 0.0050528067 | K53: 0.030138889 | L53: 0.11441627 | M53: Sim | O53: 0.01375 | S53: 0.01412037 | T53: 0.00016203704 | U53: 0.0019675926
A54: 46235 | B54: LUIZA VICTORIA DO NASCIMENTO LIMA | C54: luizalima | D54: RAFAEL ALVES DE LIMA | E54: SAC | F54: MATUTINO | G54: 16 | H54: 0.24840278 | I54: 0.062789352 | J54: 0.0039243345 | K54: 0.059699074 | L54: 0.24033175 | M54: Sim | N54: 0.019930556 | O54: 0.014201389 | S54: 0.014502315 | T54: 0.0023263889 | U54: 0.0028935185 | W54: 0.0058217593
A55: 46235 | B55: LUZIA MACIEL DOS SANTOS | C55: luziasantos | D55: PAULA FERNANDA ALVES | E55: COBRANCA | F55: MATUTINO | G55: 9 | H55: 0.26554398 | I55: 0.042719907 | J55: 0.0047466564 | K55: 0.053564815 | L55: 0.2017173 | M55: Sim | N55: 0.0048611111 | O55: 0.013726852 | Q55: 0.017118056 | S55: 0.013159722 | T55: 0.00011574074 | U55: 0.0044675926
A56: 46235 | B56: MAGNA SANTIAGO DE SOUZA | C56: magnasouza | D56: RAFAEL ALVES DE LIMA | E56: SAC | F56: MATUTINO | G56: 0 | H56: 0.24414352 | I56: 0 | J56: 0 | K56: 0.24414352 | L56: 1 | M56: Sim | O56: 0.013993056 | S56: 0.0084722222 | T56: 0.00050925926 | W56: 0.22116898
A57: 46235 | B57: MANUELLA TELES CARNEIRO | C57: manuellacarneiro | D57: MARCOS VINICIUS ALVES DE OLIVEIRA | E57: RETENCAO | F57: MATUTINO | G57: 20 | H57: 0.25236111 | I57: 0.19547454 | J57: 0.0097737269 | K57: 0.081956019 | L57: 0.32475693 | M57: Sim | N57: 0.021643519 | O57: 0.018356481 | Q57: 0.0089930556 | S57: 0.014722222 | T57: 0.0040740741 | U57: 5.787037e-05 | W57: 0.014108796
A58: 46235 | B58: MARIA DO CARMO SOUZA SANTOS | C58: mariasantos | D58: REGINALDO SOUSA BARBOSA | E58: COBRANCA | F58: VESPERTINO | G58: 6 | H58: 0.25765046 | I58: 0.018634259 | J58: 0.0031057099 | K58: 0.037199074 | L58: 0.14437806 | M58: Sim | N58: 0.0066203704 | O58: 0.015393519 | S58: 0.014456019 | T58: 6.9444444e-05 | U58: 0.00063657407
A59: 46235 | B59: MARIA DYSLLIAN JUSTINO FERRAZ | C59: mariaferraz | D59: NICOLAS NOLBERTO MENA | E59: RETENCAO | F59: VESPERTINO | G59: 5 | H59: 0.23787037 | I59: 0.046458333 | J59: 0.0092916667 | K59: 0.13634259 | L59: 0.57318023 | M59: Sim | N59: 0.019583333 | O59: 0.018009259 | Q59: 0.0038541667 | R59: 0.00018518519 | S59: 0.013726852 | T59: 0.0023032407 | W59: 0.078680556
A60: 46235 | B60: MARIANA BARBOSA DAMACENA | C60: marianadamacena | D60: PAULA FERNANDA ALVES | E60: COBRANCA | F60: MATUTINO | G60: 7 | H60: 0.26173611 | I60: 0.054351852 | J60: 0.0077645503 | K60: 0.060949074 | L60: 0.2328646 | M60: Sim | N60: 0.0079513889 | O60: 0.015578704 | Q60: 0.019548611 | S60: 0.0140625 | T60: 0.00010416667 | U60: 0.003587963
A61: 46235 | B61: MARIANA RESENDE GONCALVES | C61: marianagoncalves | D61: NICOLAS NOLBERTO MENA | E61: RETENCAO | F61: VESPERTINO | G61: 6 | H61: 0.24677083 | I61: 0.058935185 | J61: 0.0098225309 | K61: 0.13737269 | L61: 0.55668121 | M61: Sim | N61: 0.0048958333 | O61: 0.012106481 | Q61: 0.0036111111 | S61: 0.012222222 | T61: 0.0013194444 | W61: 0.10321759
A62: 46235 | B62: MATHEUS CHAVES LEITE | C62: matheusleite | D62: NICOLAS NOLBERTO MENA | E62: RETENCAO | F62: VESPERTINO | G62: 4 | H62: 0.19175926 | I62: 0.045868056 | J62: 0.011467014 | K62: 0.091030093 | L62: 0.47471028 | M62: Sim | N62: 0.0021990741 | O62: 0.0072453704 | Q62: 0.015601852 | R62: 6.9444444e-05 | S62: 0.0088541667 | T62: 0.0017939815 | W62: 0.055266204
A63: 46235 | B63: MICHELLY DE SOUZA LOPES | C63: michellylopes | D63: NICOLAS NOLBERTO MENA | E63: RETENCAO | F63: VESPERTINO | G63: 7 | H63: 0.25184028 | I63: 0.099398148 | J63: 0.014199735 | K63: 0.11092593 | L63: 0.44046142 | M63: Sim | O63: 0.0079050926 | Q63: 0.031203704 | S63: 0.011828704 | T63: 0.010810185 | U63: 0.024756944 | W63: 0.024421296
A64: 46235 | B64: MIKAELLE DA SILVA ALVES | C64: mikaellealves | D64: RENATA MARQUES LIMA DOS REIS | E64: SAC | F64: VESPERTINO | G64: 19 | H64: 0.26268519 | I64: 0.099826389 | J64: 0.0052540205 | K64: 0.038113426 | L64: 0.14509165 | M64: Sim | N64: 0.00097222222 | O64: 0.014108796 | Q64: 0.0074189815 | S64: 0.014224537 | T64: 8.1018519e-05 | W64: 0.0012731481
A65: 46235 | B65: MONICA FERREIRA DE SOUZA | C65: monicasouza | D65: MARCOS VINICIUS ALVES DE OLIVEIRA | E65: RETENCAO | F65: MATUTINO | G65: 14 | H65: 0.25909722 | I65: 0.2262037 | J65: 0.016157407 | K65: 0.058321759 | L65: 0.22509604 | M65: Sim | N65: 0.0061458333 | O65: 0.015324074 | S65: 0.014421296 | T65: 0.0012152778 | U65: 0.0076273148 | W65: 0.013576389
A66: 46235 | B66: MORGANA NATARRY RIBEIRO REIS | C66: morganareis | D66: MARCOS VINICIUS ALVES DE OLIVEIRA | E66: RETENCAO | F66: MATUTINO | G66: 16 | H66: 0.2665625 | I66: 0.21751157 | J66: 0.013594473 | K66: 0.057523148 | L66: 0.2157961 | M66: Sim | N66: 0.0028125 | O66: 0.015625 | S66: 0.013194444 | T66: 0.00011574074 | U66: 0.010694444 | W66: 0.015069444
A67: 46235 | B67: NADYA REGIANE RAMOS BESSA | C67: nadyabessa | D67: MARCOS VINICIUS ALVES DE OLIVEIRA | E67: RETENCAO | F67: MATUTINO | G67: 11 | H67: 0.26543981 | I67: 0.14582176 | J67: 0.013256524 | K67: 0.06400463 | L67: 0.24112671 | M67: Sim | O67: 0.017222222 | P67: 0.020590278 | S67: 0.013252315 | T67: 0.00010416667 | U67: 0.012696759 | W67: 0.00013888889
A68: 46235 | B68: NATALIA AZEVEDO DA SILVA | C68: nataliaazevedo | D68: NICOLAS NOLBERTO MENA | E68: RETENCAO | F68: VESPERTINO | G68: 6 | H68: 0.25104167 | I68: 0.065439815 | J68: 0.010906636 | K68: 0.11375 | L68: 0.45311203 | M68: Sim | N68: 0.0049537037 | O68: 0.018229167 | Q68: 0.0035763889 | S68: 0.015833333 | T68: 0.0038425926 | U68: 0.001724537 | W68: 0.065590278
A69: 46235 | B69: NATANIA CRISTINA ALVES DA SILVA | C69: nataniasilva | D69: MARCOS VINICIUS ALVES DE OLIVEIRA | E69: RETENCAO | F69: MATUTINO | G69: 17 | H69: 0.26525463 | I69: 0.18898148 | J69: 0.011116558 | K69: 0.072152778 | L69: 0.27201326 | M69: Sim | N69: 0.0045138889 | O69: 0.018472222 | S69: 0.01443287 | T69: 0.0012152778 | U69: 0.00059027778 | W69: 0.032928241
A70: 46235 | B70: NATHALIA DOS SANTOS MORAIS | C70: nathaliamorais | D70: NICOLAS NOLBERTO MENA | E70: RETENCAO | F70: VESPERTINO | G70: 2 | H70: 0.20699074 | I70: 0.0290625 | J70: 0.01453125 | K70: 0.15819444 | L70: 0.76425856 | M70: Sim | N70: 0.0095949074 | O70: 0.0095833333 | Q70: 0.014189815 | S70: 0.016701389 | T70: 0.0016898148 | U70: 0.014953704 | W70: 0.091481481
A71: 46235 | B71: NAYARA BISPO DO ESPIRITO SANTO | C71: nayarapereira | D71: REGINALDO SOUSA BARBOSA | E71: COBRANCA | F71: VESPERTINO | G71: 10 | H71: 0.26609954 | I71: 0.033680556 | J71: 0.0033680556 | K71: 0.029930556 | L71: 0.1124788 | M71: Sim | N71: 0.0013888889 | O71: 0.01462963 | S71: 0.013773148 | T71: 5.787037e-05 | U71: 6.9444444e-05
A72: 46235 | B72: ODETE AQUINO SILVA | C72: odetesilva | D72: NICOLAS NOLBERTO MENA | E72: RETENCAO | F72: VESPERTINO | G72: 6 | H72: 0.22033565 | I72: 0.032048611 | J72: 0.0053414352 | K72: 0.12670139 | L72: 0.57503808 | M72: Sim | N72: 0.0091666667 | O72: 0.0086458333 | Q72: 0.0079166667 | S72: 0.014930556 | T72: 0.0033449074 | U72: 0.012488426 | W72: 0.070208333
A73: 46235 | B73: ORNELIA DE AGUIAR CORDEIRO BARBOSA | C73: orneliabarbosa | D73: NICOLAS NOLBERTO MENA | E73: RETENCAO | F73: VESPERTINO | G73: 5 | H73: 0.2443287 | I73: 0.042060185 | J73: 0.008412037 | K73: 0.1599537 | L73: 0.65466604 | M73: Sim | N73: 0.0029282407 | O73: 0.011168981 | Q73: 0.014074074 | S73: 0.016018519 | T73: 0.0020486111 | W73: 0.11371528
A74: 46235 | B74: PAULA CRISTINA CAETANO DA SILVA | C74: paulasilva | D74: NICOLAS NOLBERTO MENA | E74: RETENCAO | F74: VESPERTINO | G74: 10 | H74: 0.24996528 | I74: 0.073506944 | J74: 0.0073506944 | K74: 0.13408565 | L74: 0.53641709 | M74: Sim | N74: 0.0070138889 | O74: 0.0076851852 | Q74: 0.01599537 | S74: 0.019895833 | T74: 0.00017361111 | U74: 0.0005787037 | W74: 0.082743056
A75: 46235 | B75: POLIANA OLIVEIRA CORREIA | C75: polianacorreia | D75: RAFAEL ALVES DE LIMA | E75: SAC | F75: MATUTINO | G75: 22 | H75: 0.26215278 | I75: 0.090810185 | J75: 0.0041277357 | K75: 0.035196759 | L75: 0.13426049 | M75: Sim | N75: 0.0050462963 | O75: 0.012141204 | T75: 0.0065625 | U75: 0.011446759
A76: 46235 | B76: RAFAELLA BARBOSA DOS SANTOS | C76: rafaellasantos | D76: RENATA MARQUES LIMA DOS REIS | E76: SAC | F76: VESPERTINO | G76: 15 | H76: 0.26104167 | I76: 0.082071759 | J76: 0.0054714506 | K76: 0.048321759 | L76: 0.18511129 | M76: Sim | N76: 0.018831019 | O76: 0.014444444 | S76: 0.01400463 | T76: 0.00015046296 | U76: 0.00086805556
A77: 46235 | B77: RAYCA ALVES DA SILVA GONCALVES | C77: raycagoncalves | D77: MARCOS VINICIUS ALVES DE OLIVEIRA | E77: RETENCAO | F77: MATUTINO | G77: 12 | H77: 0.25545139 | I77: 0.14978009 | J77: 0.012481674 | K77: 0.082430556 | L77: 0.32268588 | M77: Sim | N77: 0.025231481 | O77: 0.021666667 | S77: 0.014247685 | T77: 0.0074305556 | U77: 0.00018518519 | W77: 0.013668981
A78: 46235 | B78: RYAN FELYPE LOURENCO REGO | C78: ryanrego | D78: RENATA MARQUES LIMA DOS REIS | E78: SAC | F78: VESPERTINO | G78: 16 | H78: 0.26094907 | I78: 0.043946759 | J78: 0.0027466725 | K78: 0.062094907 | L78: 0.23795795 | M78: Sim | N78: 0.021157407 | O78: 0.015520833 | Q78: 0.006875 | S78: 0.01431713 | T78: 0.00021990741 | W78: 0.0040046296
A79: 46235 | B79: SABRINA DA COSTA NERES | C79: sabrinaneres | D79: NICOLAS NOLBERTO MENA | E79: RETENCAO | F79: VESPERTINO | G79: 9 | H79: 0.23866898 | I79: 0.087523148 | J79: 0.0097247942 | K79: 0.10145833 | L79: 0.42510063 | M79: Sim | N79: 0.0064583333 | O79: 0.0071643519 | Q79: 0.0037152778 | S79: 0.013009259 | T79: 0.00027777778 | U79: 0.019212963 | W79: 0.05162037
A80: 46235 | B80: SABRINA SILVA DE SOUSA | C80: sabrinasousa | D80: MARCOS VINICIUS ALVES DE OLIVEIRA | E80: RETENCAO | F80: MATUTINO | G80: 12 | H80: 0.25172454 | I80: 0.1625 | J80: 0.013541667 | K80: 0.084421296 | L80: 0.33537174 | M80: Sim | N80: 0.026238426 | O80: 0.0069791667 | R80: 0.023194444 | S80: 0.017349537 | T80: 0.010034722 | U80: 0.00054398148 | W80: 6.9444444e-05
A81: 46235 | B81: SHIRLEY LUZIA DE SOUSA ANDRADE | C81: shirleyandrade | D81: RAFAEL ALVES DE LIMA | E81: SAC | F81: MATUTINO | G81: 18 | H81: 0.26428241 | I81: 0.082916667 | J81: 0.0046064815 | K81: 0.041550926 | L81: 0.15722169 | M81: Sim | N81: 0.0070949074 | O81: 0.014965278 | S81: 0.014849537 | T81: 0.0046412037
A82: 46235 | B82: SONIA CRISTINA ALVES DO CARMO | C82: soniacarmo | D82: NICOLAS NOLBERTO MENA | E82: RETENCAO | F82: VESPERTINO | G82: 11 | H82: 0.26732639 | I82: 0.055243056 | J82: 0.005022096 | K82: 0.12956019 | L82: 0.48465169 | M82: Sim | N82: 9.2592593e-05 | O82: 0.01599537 | P82: 0.00011574074 | Q82: 0.019409722 | R82: 0.0016319444 | S82: 0.019502315 | T82: 0.0011111111 | U82: 0.01 | W82: 0.061701389
A83: 46235 | B83: SOPHIA ASSIS CARDOSO | C83: sophiacardoso | D83: JENNYFER CABRERA DA CRUZ LIMA | E83: BACKOFFICE | F83: INTEGRAL | G83: 2 | H83: 0.24952546 | I83: 0.0037268519 | J83: 0.0018634259 | K83: 0.03005787 | L83: 0.12046013 | M83: Sim | O83: 0.016666667 | S83: 0.013333333 | T83: 5.787037e-05
A84: 46235 | B84: TALYTA GABRYELE SILVA SOUZA | C84: talytasouza | D84: MARCOS VINICIUS ALVES DE OLIVEIRA | E84: RETENCAO | F84: MATUTINO | G84: 13 | H84: 0.26082176 | I84: 0.1322338 | J84: 0.01017183 | K84: 0.12265046 | L84: 0.47024628 | M84: Sim | N84: 0.009212963 | O84: 0.014849537 | S84: 0.014502315 | T84: 8.1018519e-05 | U84: 0.00072916667 | W84: 0.083275463
A85: 46235 | B85: THAIS DO SOCORRO CAVALCANTE MARIANO | C85: thaismariano | D85: NICOLAS NOLBERTO MENA | E85: RETENCAO | F85: VESPERTINO | G85: 9 | H85: 0.25510417 | I85: 0.16128472 | J85: 0.017920525 | K85: 0.042268519 | L85: 0.16569121 | M85: Sim | N85: 0.0046527778 | O85: 0.012893519 | Q85: 0.0046296296 | T85: 0.00010416667 | U85: 0.0025810185 | W85: 0.017395833
A86: 46235 | B86: TRISSY DE PAULA ARAUJO | C86: trissyaraujo | D86: RAFAEL ALVES DE LIMA | E86: SAC | F86: MATUTINO | G86: 20 | H86: 0.26076389 | I86: 0.070625 | J86: 0.00353125 | K86: 0.04255787 | L86: 0.16320462 | M86: Sim | N86: 0.0039930556 | O86: 0.015208333 | Q86: 0.0019907407 | S86: 0.014791667 | T86: 0.00087962963 | W86: 0.0056944444
A87: 46235 | B87: VALDELICIA VIEIRA LIMA | C87: valdelicialima | D87: MARCOS VINICIUS ALVES DE OLIVEIRA | E87: RETENCAO | F87: MATUTINO | G87: 15 | H87: 0.26815972 | I87: 0.18912037 | J87: 0.012608025 | K87: 0.045868056 | L87: 0.17104752 | M87: Sim | O87: 0.014212963 | S87: 0.013923611 | T87: 5.787037e-05 | U87: 0.016481481 | W87: 0.0011805556
A88: 46235 | B88: WANESSA MORAES FILGUEIRA | C88: wanessafilgueira | D88: PAULA FERNANDA ALVES | E88: COBRANCA | F88: MATUTINO | G88: 6 | H88: 0.28488426 | I88: 0.024907407 | J88: 0.0041512346 | K88: 0.067638889 | L88: 0.23742586 | M88: Sim | N88: 0.0088194444 | O88: 0.013321759 | Q88: 0.026574074 | S88: 0.013530093 | T88: 6.9444444e-05 | U88: 0.005
A89: 46235 | B89: WANESSA YASMIM DE ALMEIDA CHAVES | C89: wanessachaves | D89: RAFAEL ALVES DE LIMA | E89: SAC | F89: MATUTINO | G89: 29 | H89: 0.25784722 | I89: 0.051516204 | J89: 0.0017764208 | K89: 0.03875 | L89: 0.15028279 | M89: Sim | N89: 0.0074884259 | O89: 0.014884259 | Q89: 0.00039351852 | S89: 0.015590278 | T89: 0.00039351852
A90: 46235 | B90: WILDSON DOS ANJOS FELIPE | C90: wildsonfelipe | D90: MARCOS VINICIUS ALVES DE OLIVEIRA | E90: RETENCAO | F90: MATUTINO | G90: 10 | H90: 0.27881944 | I90: 0.21887731 | J90: 0.021887731 | K90: 0.051412037 | L90: 0.18439186 | M90: Sim | N90: 0.0027083333 | O90: 0.0079282407 | S90: 0.013900463 | T90: 0.00010416667 | U90: 0.00070601852 | W90: 0.026064815
A91: 46235 | B91: YARA DO CARMO DA CONCEICAO | C91: yaraconceicao | D91: REGINALDO SOUSA BARBOSA | E91: COBRANCA | F91: VESPERTINO | G91: 16 | H91: 0.25929398 | I91: 0.039386574 | J91: 0.0024616609 | K91: 0.028854167 | L91: 0.11127974 | M91: Sim | N91: 0.00053240741 | O91: 0.01431713 | S91: 0.01375 | T91: 0.00015046296 | U91: 9.2592593e-05
A92: 46235 | B92: YSABELY YSTEFFANY ANTONIO SANTOS | C92: ysabellysantos | D92: REGINALDO SOUSA BARBOSA | E92: COBRANCA | F92: VESPERTINO | G92: 7 | H92: 0.25763889 | I92: 0.017118056 | J92: 0.0024454365 | K92: 0.035856481 | L92: 0.13917341 | M92: Sim | N92: 0.0061458333 | O92: 0.029641204 | T92: 6.9444444e-05
A93: 46237 | B93: ADRIAM DA CONCEICAO SILVA | C93: adriamsilva | D93: JENNYFER CABRERA DA CRUZ LIMA | E93: BACKOFFICE | F93: VESPERTINO | G93: 5 | H93: 0.26290509 | I93: 0.0071296296 | J93: 0.0014259259 | K93: 0.061585648 | L93: 0.2342505 | M93: Sim | N93: 0.018460648 | O93: 0.020659722 | Q93: 0.0071759259 | S93: 0.015104167 | T93: 0.00011574074 | U93: 5.787037e-05
A94: 46237 | B94: ALAINE BARBOSA RIBEIRO | C94: alaineribeiro | D94: RAFAEL ALVES DE LIMA | E94: SAC | F94: MATUTINO | G94: 25 | H94: 0.25465278 | I94: 0.13630787 | J94: 0.0054523148 | K94: 0.044537037 | L94: 0.17489319 | M94: Sim | N94: 0.0095949074 | O94: 0.012916667 | P94: 0.0037268519 | S94: 0.014247685 | T94: 0.00010416667 | U94: 0.003900463
A95: 46237 | B95: ALEXANDRE LOPES DOS SANTOS | C95: alexandresantos | D95: REGINALDO SOUSA BARBOSA | E95: COBRANCA | F95: VESPERTINO | G95: 22 | H95: 0.25608796 | I95: 0.075833333 | J95: 0.0034469697 | K95: 0.045046296 | L95: 0.17590165 | M95: Sim | O95: 0.013900463 | Q95: 0.014618056 | S95: 0.013912037 | T95: 0.0021875 | U95: 0.00039351852
A96: 46237 | B96: AMANDA LORENA ALVES | C96: amandaalves | D96: RAFAEL ALVES DE LIMA | E96: SAC | F96: MATUTINO | G96: 33 | H96: 0.26171296 | I96: 0.14894676 | J96: 0.0045135382 | K96: 0.041828704 | L96: 0.15982664 | M96: Sim | O96: 0.015428241 | S96: 0.014444444 | T96: 0.011377315 | U96: 0.00019675926
A97: 46237 | B97: ANA JULIA LOPES DE CASTRO | C97: anacastro | D97: MARCOS VINICIUS ALVES DE OLIVEIRA | E97: RETENCAO | F97: MATUTINO | G97: 16 | H97: 0.22606481 | I97: 0.25255787 | J97: 0.015784867 | K97: 0.0621875 | L97: 0.27508704 | M97: Sim | N97: 0.0099652778 | O97: 0.018877315 | T97: 0.00059027778 | U97: 0.020625 | W97: 0.01212963
A98: 46237 | B98: ANA PAULA NASCIMENTO MONTEIRO | C98: anamonte | D98: JENNYFER CABRERA DA CRUZ LIMA | E98: BACKOFFICE | F98: INTEGRAL | G98: 0 | H98: 0 | I98: 0 | J98: 0 | K98: 0 | L98: 0 | M98: Não
A99: 46237 | B99: ANANDA SANTOS VIEIRA | C99: anandavieira | D99: RAFAEL ALVES DE LIMA | E99: SAC | F99: MATUTINO | G99: 49 | H99: 0.26333333 | I99: 0.13331019 | J99: 0.002720616 | K99: 0.051284722 | L99: 0.19475211 | M99: Sim | N99: 0.0064930556 | O99: 0.014363426 | Q99: 0.0061689815 | S99: 0.016759259 | T99: 0.0075
A100: 46237 | B100: ANDRESSA PEREIRA DOS SANTOS | C100: andressasantos | D100: RAFAEL ALVES DE LIMA | E100: SAC | F100: MATUTINO | G100: 43 | H100: 0.25965278 | I100: 0.14887731 | J100: 0.0034622631 | K100: 0.0459375 | L100: 0.17691896 | M100: Sim | N100: 0.00090277778 | O100: 0.013599537 | S100: 0.013611111 | T100: 0.012349537 | U100: 0.005462963
...

Sheet Resumo Supervisor
A1: Identificação | D1: Equipe e Operação | J1: Pausas — Detalhamento (a partir de 05/05) | T1: Médias por Agente
A2: Supervisor | B2: Coordenador | C2: # Agentes | D2: Chamadas | E2: Tempo Logado | F2: Tempo Falado | G2: TMA | H2: Tempo Pausado | I2: Pausa % Login | J2: BANHEI | K2: DESCAN | L2: DISMX | M2: FEEDBK | N2: LAGGED | O2: LANCHE | P2: LOGIN | Q2: MANUAL | R2: TESTE | S2: TREINA | T2: Logado/Agente | U2: Falado/Agente | V2: Pausado/Agente
A3: RENATA MARQUES LIMA DOS REIS | B3: BIANCA MUNIZ FERREIRA | C3: 16 | D3: 5927 | E3: 56.102384 | F3: 31.958738 | G3: =IFERROR(F3/D3,0) -> 0.0053920602 | H3: 17.64103 | I3: =IFERROR(H3/E3,0) -> 0.3144435 | J3: 1.6843866 | K3: 2.970081 | M3: 0.48081019 | N3: 0.1962037 | O3: 3.0174074 | P3: 0.35826389 | Q3: 0.41680556 | S3: 8.5039931 | T3: =IFERROR(E3/C3,0) -> 3.506399 | U3: =IFERROR(F3/C3,0) -> 1.9974212 | V3: =IFERROR(H3/C3,0) -> 1.1025644
A4: JENNYFER CABRERA DA CRUZ LIMA | B4: KARLA DAS DORES DE SOUSA | C4: 14 | D4: 83 | E4: 49.186377 | F4: 0.91131944 | G4: =IFERROR(F4/D4,0) -> 0.010979757 | H4: 13.52544 | I4: =IFERROR(H4/E4,0) -> 0.27498345 | J4: 0.85015046 | K4: 3.3662153 | M4: 0.053032407 | N4: 1.9313657 | O4: 2.0304051 | P4: 1.9143981 | Q4: 1.549456 | S4: 0.99984954 | T4: =IFERROR(E4/C4,0) -> 3.5133127 | U4: =IFERROR(F4/C4,0) -> 0.065094248 | V4: =IFERROR(H4/C4,0) -> 0.96610285
A5: MARCOS VINICIUS ALVES DE OLIVEIRA | B5: BIANCA MUNIZ FERREIRA | C5: 19 | D5: 3019 | E5: 63.281273 | F5: 38.927025 | G5: =IFERROR(F5/D5,0) -> 0.012894016 | H5: 33.659421 | I5: =IFERROR(H5/E5,0) -> 0.53190177 | J5: 2.3864468 | K5: 3.937037 | L5: 0.41453704 | M5: 0.33793981 | N5: 0.12063657 | O5: 3.4701157 | P5: 1.9111111 | Q5: 1.0478241 | S5: 20.0186 | T5: =IFERROR(E5/C5,0) -> 3.3305933 | U5: =IFERROR(F5/C5,0) -> 2.0487908 | V5: =IFERROR(H5/C5,0) -> 1.7715485
A6: PAULA FERNANDA ALVES | B6: KARLA DAS DORES DE SOUSA | C6: 13 | D6: 2871 | E6: 43.537407 | F6: 10.292049 | G6: =IFERROR(F6/D6,0) -> 0.0035848264 | H6: 7.9218519 | I6: =IFERROR(H6/E6,0) -> 0.18195507 | J6: 1.0038194 | K6: 2.2700694 | L6: 0.18357639 | M6: 1.0641898 | N6: 0.02462963 | O6: 2.317581 | P6: 0.21012731 | Q6: 0.50082176 | S6: 0.3369213 | T6: =IFERROR(E6/C6,0) -> 3.3490313 | U6: =IFERROR(F6/C6,0) -> 0.79169604 | V6: =IFERROR(H6/C6,0) -> 0.60937322
A7: REGINALDO SOUSA BARBOSA | B7: BIANCA MUNIZ FERREIRA | C7: 8 | D7: 2023 | E7: 28.522407 | F7: 7.1378819 | G7: =IFERROR(F7/D7,0) -> 0.0035283681 | H7: 4.1538426 | I7: =IFERROR(H7/E7,0) -> 0.14563436 | J7: 0.41152778 | K7: 1.4370023 | L7: 0.017928241 | M7: 0.39748843 | N7: 0.25704861 | O7: 1.4990278 | P7: 0.038009259 | Q7: 0.073576389 | S7: 0.0040972222 | T7: =IFERROR(E7/C7,0) -> 3.5653009 | U7: =IFERROR(F7/C7,0) -> 0.89223524 | V7: =IFERROR(H7/C7,0) -> 0.51923032
A8: RAFAEL ALVES DE LIMA | B8: BIANCA MUNIZ FERREIRA | C8: 24 | D8: 7723 | E8: 78.998507 | F8: 32.033461 | G8: =IFERROR(F8/D8,0) -> 0.0041478009 | H8: 26.154363 | I8: =IFERROR(H8/E8,0) -> 0.33107415 | J8: 2.3181713 | K8: 3.9776389 | L8: 0.03875 | M8: 0.61059028 | N8: 0.063541667 | O8: 3.9123843 | P8: 1.8563194 | Q8: 0.51671296 | S8: 12.846921 | T8: =IFERROR(E8/C8,0) -> 3.2916045 | U8: =IFERROR(F8/C8,0) -> 1.3347275 | V8: =IFERROR(H8/C8,0) -> 1.0897651
A9: NICOLAS NOLBERTO MENA | B9: BIANCA MUNIZ FERREIRA | C9: 19 | D9: 1758 | E9: 51.445556 | F9: 22.507882 | G9: =IFERROR(F9/D9,0) -> 0.012803118 | H9: 36.400845 | I9: =IFERROR(H9/E9,0) -> 0.70756054 | J9: 1.5849074 | K9: 3.3193634 | L9: 0.18087963 | M9: 0.61204861 | N9: 0.012962963 | O9: 2.9854861 | P9: 1.3376968 | Q9: 19.741076 | S9: 6.6260301 | T9: =IFERROR(E9/C9,0) -> 2.7076608 | U9: =IFERROR(F9/C9,0) -> 1.1846254 | V9: =IFERROR(H9/C9,0) -> 1.9158339
A10: — Não identificado — | C10: 0 | D10: 89 | F10: 0.0010300926 | G10: =IFERROR(F10/D10,0) -> 1.1574074e-05 | I10: =IFERROR(H10/E10,0) -> 0 | T10: =IFERROR(E10/C10,0) -> 0 | U10: =IFERROR(F10/C10,0) -> 0 | V10: =IFERROR(H10/C10,0) -> 0
A11: TOTAL GERAL | C11: =SUM(C3:C10) -> 113 | D11: =SUM(D3:D10) -> 23493 | E11: =SUM(E3:E10) -> 371.07391 | F11: =SUM(F3:F10) -> 143.76939 | G11: =IFERROR(F11/D11,0) -> 0.0061196644 | H11: =SUM(H3:H10) -> 139.45679 | I11: =IFERROR(H11/E11,0) -> 0.37581945 | J11: =SUM(J3:J10) -> 10.23941 | K11: =SUM(K3:K10) -> 21.277407 | L11: =SUM(L3:L10) -> 0.8356713 | M11: =SUM(M3:M10) -> 3.5560995 | N11: =SUM(N3:N10) -> 2.6063889 | O11: =SUM(O3:O10) -> 19.232407 | P11: =SUM(P3:P10) -> 7.6259259 | Q11: =SUM(Q3:Q10) -> 23.846273 | ... S11: =SUM(S3:S10) -> 49.336412 | T11: =IFERROR(E11/C11,0) -> 3.2838399 | U11: =IFERROR(F11/C11,0) -> 1.2722955 | V11: =IFERROR(H11/C11,0) -> 1.2341309

Sheet Mapeamento
A1: ID Sistema | B1: Nome no Compilado (truncado) | C1: Status do Match | D1: Nome Completo (Escala) | E1: Supervisor | F1: Coordenador | G1: Área | H1: Turno | I1: Cargo | J1: Status
A2: anacastr | B2: ANA JULIA LOPES DE CASTRO | C2: ✓ Mapeado | D2: ANA JULIA LOPES DE CASTRO | E2: MARCOS VINICIUS ALVES DE OLIVEIRA | F2: BIANCA MUNIZ FERREIRA | G2: RETENCAO | H2: MATUTINO | I2: OPERADOR DE TELEMARKETING I | J2: ATIVIDADE NORMAL
A3: carlacam | B3: CARLA RAYNARA CAMPELO COS | C3: ✓ Mapeado | D3: CARLA RAYNARA CAMPELO COSTA | E3: PAULA FERNANDA ALVES | F3: KARLA DAS DORES DE SOUSA | G3: COBRANCA | H3: MATUTINO | I3: OPERADOR DE TELEMARKETING I | J3: ATIVIDADE NORMAL
A4: daianesi | B4: DAIANE FERREIRA DA SILVA | C4: ✓ Mapeado | D4: DAIANE FERREIRA DA SILVA | E4: PAULA FERNANDA ALVES | F4: KARLA DAS DORES DE SOUSA | G4: COBRANCA | H4: MATUTINO | I4: OPERADOR DE TELEMARKETING I | J4: ATIVIDADE NORMAL
A5: dayaneal | B5: DAYANE FERNANDA PEREIRA D | C5: ✓ Mapeado | D5: DAYANE FERNANDA PEREIRA DE ALMEIDA | E5: PAULA FERNANDA ALVES | F5: KARLA DAS DORES DE SOUSA | G5: COBRANCA | H5: MATUTINO | I5: OPERADOR DE TELEMARKETING I | J5: ATIVIDADE NORMAL
A6: deboraaz | B6: DEBORA DE JESUS AZEVEDO | C6: ✓ Mapeado | D6: DEBORA DE JESUS AZEVEDO | E6: PAULA FERNANDA ALVES | F6: KARLA DAS DORES DE SOUSA | G6: COBRANCA | H6: MATUTINO | I6: OPERADOR DE TELEMARKETING I | J6: DESLIGADO
A7: eduardom | B7: EDUARDO BARBOSA MARQUES | C7: ✓ Mapeado | D7: EDUARDO BARBOSA MARQUES | E7: PAULA FERNANDA ALVES | F7: KARLA DAS DORES DE SOUSA | G7: COBRANCA | H7: MATUTINO | I7: OPERADOR DE TELEMARKETING I | J7: ATIVIDADE NORMAL
A8: jeovanna | B8: JEOVANNA DE LIMA FERREIRA | C8: ✓ Mapeado | D8: JEOVANNA DE LIMA FERREIRA | E8: PAULA FERNANDA ALVES | F8: KARLA DAS DORES DE SOUSA | G8: COBRANCA | H8: MATUTINO | I8: OPERADOR DE TELEMARKETING I | J8: ATIVIDADE NORMAL
A9: joaocruz | B9: JOAO VITOR VIEIRA DA CRUZ | C9: ✓ Mapeado | D9: JOAO VITOR VIEIRA DA CRUZ | E9: PAULA FERNANDA ALVES | F9: KARLA DAS DORES DE SOUSA | G9: COBRANCA | H9: MATUTINO | I9: OPERADOR DE TELEMARKETING I | J9: ATIVIDADE NORMAL
A10: kalissag | B10: KALISSA VALERIO GONCALVES | C10: ✓ Mapeado | D10: KALISSA VALERIO GONCALVES | E10: REGINALDO SOUSA BARBOSA | F10: KARLA DAS DORES DE SOUSA | G10: COBRANCA | H10: VESPERTINO | I10: OPERADOR DE TELEMARKETING I | J10: ATIVIDADE NORMAL
A11: karolyny | B11: KAROLYNY KELLY OLIVEIRA A | C11: ✓ Mapeado | D11: KAROLYNY KELLY OLIVEIRA ASSIS | E11: PAULA FERNANDA ALVES | F11: KARLA DAS DORES DE SOUSA | G11: COBRANCA | H11: MATUTINO | I11: OPERADOR DE TELEMARKETING I | J11: ATIVIDADE NORMAL
A12: luanasiq | B12: LUANA RODRIGUES DE SIQUEI | C12: ✓ Mapeado | D12: LUANA RODRIGUES DE SIQUEIRA | E12: PAULA FERNANDA ALVES | F12: KARLA DAS DORES DE SOUSA | G12: COBRANCA | H12: VESPERTINO | I12: OPERADOR DE TELEMARKETING I | J12: DESLIGADO
... A14: marianad | B14: MARIANA BARBOSA DAMACENA | C14: ✓ Mapeado | D14: MARIANA BARBOSA DAMACENA | E14: PAULA FERNANDA ALVES | F14: KARLA DAS DORES DE SOUSA | G14: COBRANCA | H14: MATUTINO | I14: OPERADOR DE TELEMARKETING I | J14: ATIVIDADE NORMAL
B15: RAILANA FE DA SILVA | C15: ⚠ Sem ID ViciDial | D15: RAILANA FE DA SILVA | E15: PAULA FERNANDA ALVES | F15: KARLA DAS DORES DE SOUSA | G15: COBRANCA | H15: VESPERTINO | I15: OPERADOR DE TELEMARKETING I | J15: DESLIGADO
A16: tatianeo | B16: TATIANE FERREIRA DE OLIVE | C16: ✓ Mapeado | D16: TATIANE FERREIRA DE OLIVEIRA | E16: PAULA FERNANDA ALVES | F16: KARLA DAS DORES DE SOUSA | G16: COBRANCA | H16: VESPERTINO | I16: OPERADOR DE TELEMARKETING I | J16: DESLIGADO
A17: amandamo | B17: AMANDA CAROLINE SOARES DOS SANTOS MORAIS | C17: ✓ Mapeado | D17: AMANDA CAROLINE SOARES DOS SANTOS MORAIS | E17: JENNYFER CABRERA DA CRUZ LIMA | F17: KARLA DAS DORES DE SOUSA | G17: BACKOFFICE | H17: VESPERTINO | I17: OPERADOR DE TELEMARKETING II | J17: DESLIGADO
A18: amandafl | B18: AMANDA SANTOS LOPES FLORE | C18: ✓ Mapeado | D18: AMANDA SANTOS LOPES FLORES | E18: JENNYFER CABRERA DA CRUZ LIMA | F18: KARLA DAS DORES DE SOUSA | G18: BACKOFFICE | H18: INTEGRAL | I18: OPERADOR DE TELEMARKETING II | J18: AVISO PRÉVIO
A19: anamonte | B19: ANA PAULA NASCIMENTO MONT | C19: ✓ Mapeado | D19: ANA PAULA NASCIMENTO MONTEIRO | E19: JENNYFER CABRERA DA CRUZ LIMA | F19: KARLA DAS DORES DE SOUSA | G19: BACKOFFICE | H19: INTEGRAL | I19: OPERADOR DE TELEMARKETING II | J19: ATIVIDADE NORMAL
A20: camilapi | B20: CAMILA MORAIS PIERI | C20: ✓ Mapeado | D20: CAMILA MORAIS PIERI | E20: JENNYFER CABRERA DA CRUZ LIMA | F20: KARLA DAS DORES DE SOUSA | G20: BACKOFFICE | H20: INTEGRAL | I20: OPERADOR DE TELEMARKETING II | J20: ATIVIDADE NORMAL
A21: cezarfer | B21: CEZAR MOURA FERREIRA | C21: ✓ Mapeado | D21: CEZAR MOURA FERREIRA | E21: JENNYFER CABRERA DA CRUZ LIMA | F21: KARLA DAS DORES DE SOUSA | G21: BACKOFFICE | H21: INTEGRAL | I21: OPERADOR DE TELEMARKETING II | J21: DESLIGADO
A22: divinasa | B22: DIVINA DOS REIS PEREIRA SANTOS | C22: ✓ Mapeado | D22: DIVINA DOS REIS PEREIRA SANTOS | E22: JENNYFER CABRERA DA CRUZ LIMA | F22: KARLA DAS DORES DE SOUSA | G22: BACKOFFICE | H22: INTEGRAL | I22: OPERADOR DE TELEMARKETING II | J22: ATIVIDADE NORMAL
A23: edivanea | B23: EDIVANEA LIMA LUNA | C23: ✓ Mapeado | D23: EDIVANEA LIMA LUNA | E23: JENNYFER CABRERA DA CRUZ LIMA | F23: KARLA DAS DORES DE SOUSA | G23: BACKOFFICE | H23: INTEGRAL | I23: OPERADOR DE TELEMARKETING II | J23: ATIVIDADE NORMAL
A24: elizamar | B24: ELIZAMA DE OLIVEIRA ROCHA | C24: ✓ Mapeado | D24: ELIZAMA DE OLIVEIRA ROCHA | E24: JENNYFER CABRERA DA CRUZ LIMA | F24: KARLA DAS DORES DE SOUSA | G24: BACKOFFICE | H24: INTEGRAL | I24: OPERADOR DE TELEMARKETING II | J24: AVISO PRÉVIO
A25: gabrieli | B25: GABRIELI DA PAZ SANTOS | C25: ✓ Mapeado | D25: GABRIELI DA PAZ SANTOS | E25: JENNYFER CABRERA DA CRUZ LIMA | F25: KARLA DAS DORES DE SOUSA | G25: BACKOFFICE | H25: INTEGRAL | I25: OPERADOR DE TELEMARKETING II | J25: DESISTENTE
A26: geovania | B26: GEOVANIA ATAIDE BARBOSA | C26: ✓ Mapeado | D26: GEOVANIA ATAIDE BARBOSA | E26: JENNYFER CABRERA DA CRUZ LIMA | F26: KARLA DAS DORES DE SOUSA | G26: BACKOFFICE | H26: INTEGRAL | I26: OPERADOR DE TELEMARKETING II | J26: AVISO PRÉVIO
A27: julianan | B27: JULIANA DIAS NEVES | C27: ✓ Mapeado | D27: JULIANA DIAS NEVES | E27: JENNYFER CABRERA DA CRUZ LIMA | F27: KARLA DAS DORES DE SOUSA | G27: BACKOFFICE | H27: INTEGRAL | I27: OPERADOR DE TELEMARKETING II | J27: ATIVIDADE NORMAL
... A34: anamedei | B34: ANA CRISTINA SOUZA DE MED | C34: ✓ Mapeado | D34: ANA CRISTINA SOUZA DE MEDEIROS | E34: PAULA FERNANDA ALVES | F34: KARLA DAS DORES DE SOUSA | G34: COBRANCA | H34: MATUTINO | I34: OPERADOR DE TELEMARKETING I | J34: DESISTENTE
B35: ANDRIELLY PEREIRA DA SILVA CEZAR | C35: ⚠ Sem ID ViciDial | D35: ANDRIELLY PEREIRA DA SILVA CEZAR | E35: PAULA FERNANDA ALVES | F35: KARLA DAS DORES DE SOUSA | G35: COBRANCA | H35: MATUTINO | I35: OPERADOR DE TELEMARKETING I | J35: DESLIGADO
A36: antoniaf | B36: ANTONIA DE MELO FRANCA | C36: ✓ Mapeado | D36: ANTONIA DE MELO FRANCA | E36: PAULA FERNANDA ALVES | F36: KARLA DAS DORES DE SOUSA | G36: COBRANCA | H36: VESPERTINO | I36: OPERADOR DE TELEMARKETING I | J36: AVISO PRÉVIO
A37: catiapim | B37: CATIA DOS SANTOS PIMENTEL | C37: ✓ Mapeado | D37: CATIA DOS SANTOS PIMENTEL | E37: PAULA FERNANDA ALVES | F37: KARLA DAS DORES DE SOUSA | G37: COBRANCA | H37: VESPERTINO | I37: OPERADOR DE TELEMARKETING I | J37: DESLIGADO
A38: gabriela | B38: GABRIELA PIRES DOS SANTOS | C38: ✓ Mapeado | D38: GABRIELA PIRES DOS SANTOS | E38: PAULA FERNANDA ALVES | F38: KARLA DAS DORES DE SOUSA | G38: COBRANCA | H38: MATUTINO | I38: OPERADOR DE TELEMARKETING I | J38: ATIVIDADE NORMAL
A39: graziele | B39: GRAZIELE CRISTINA PINTO D | C39: ✓ Mapeado | D39: GRAZIELE CRISTINA PINTO DE MELO | E39: PAULA FERNANDA ALVES | F39: KARLA DAS DORES DE SOUSA | G39: COBRANCA | H39: MATUTINO | I39: OPERADOR DE TELEMARKETING I | J39: DESISTENTE
A40: ivoneide | B40: IVONEIDE DUARTE FERREIRA | C40: ✓ Mapeado | D40: IVONEIDE DUARTE FERREIRA | E40: REGINALDO SOUSA BARBOSA | F40: KARLA DAS DORES DE SOUSA | G40: COBRANCA | H40: VESPERTINO | I40: OPERADOR DE TELEMARKETING I | J40: ATIVIDADE NORMAL
A41: lisandra | B41: LISANDRA CRISTINA CAETANO | C41: ✓ Mapeado | D41: LISANDRA CRISTINA CAETANO SILVA | E41: PAULA FERNANDA ALVES | F41: KARLA DAS DORES DE SOUSA | G41: COBRANCA | H41: VESPERTINO | I41: OPERADOR DE TELEMARKETING I | J41: AVISO PRÉVIO
B42: LIVYA ALVES BARBOSA | C42: ⚠ Sem ID ViciDial | D42: LIVYA ALVES BARBOSA | E42: PAULA FERNANDA ALVES | F42: KARLA DAS DORES DE SOUSA | G42: COBRANCA | H42: VESPERTINO | I42: OPERADOR DE TELEMARKETING I | J42: DESISTENTE
A43: lucaspon | B43: LUCAS MODESTO PONTES | C43: ✓ Mapeado | D43: LUCAS MODESTO PONTES | E43: PAULA FERNANDA ALVES | F43: KARLA DAS DORES DE SOUSA | G43: COBRANCA | H43: VESPERTINO | I43: OPERADOR DE TELEMARKETING I | J43: AVISO PRÉVIO
A44: nayarape | B44: NAYARA BISPO DO ESPIRITO SANTO | C44: ✓ Mapeado | D44: NAYARA BISPO DO ESPIRITO SANTO | E44: REGINALDO SOUSA BARBOSA | F44: KARLA DAS DORES DE SOUSA | G44: COBRANCA | H44: VESPERTINO | I44: OPERADOR DE TELEMARKETING I | J44: ATIVIDADE NORMAL
A45: nayarasa | B45: NAYARA ELLEN ALVES DE MEL | C45: ✓ Mapeado | D45: NAYARA ELLEN ALVES DE MELO SANTOS | E45: PAULA FERNANDA ALVES | F45: KARLA DAS DORES DE SOUSA | G45: COBRANCA | H45: VESPERTINO | I45: OPERADOR DE TELEMARKETING I | J45: DESLIGADO
A46: raissasa | B46: RAISSA LOPES DOS SANTOS | C46: ✓ Mapeado | D46: RAISSA LOPES DOS SANTOS | E46: PAULA FERNANDA ALVES | F46: KARLA DAS DORES DE SOUSA | G46: COBRANCA | H46: VESPERTINO | I46: OPERADOR DE TELEMARKETING I | J46: AVISO PRÉVIO
B47: SILVANIA AMORIM DE SOUZA COSTA | C47: ⚠ Sem ID ViciDial | D47: SILVANIA AMORIM DE SOUZA COSTA | E47: PAULA FERNANDA ALVES | F47: KARLA DAS DORES DE SOUSA | G47: COBRANCA | H47: VESPERTINO | I47: OPERADOR DE TELEMARKETING I | J47: DESISTENTE
A48: alexandr | B48: ALEXANDRE LOPES DOS SANTO | C48: ✓ Mapeado | D48: ALEXANDRE LOPES DOS SANTOS | E48: REGINALDO SOUSA BARBOSA | F48: KARLA DAS DORES DE SOUSA | G48: COBRANCA | H48: VESPERTINO | I48: OPERADOR DE TELEMARKETING I | J48: ATIVIDADE NORMAL
A49: mariasan | B49: MARIA DO CARMO SOUZA SANT | C49: ✓ Mapeado | D49: MARIA DO CARMO SOUZA SANTOS | E49: REGINALDO SOUSA BARBOSA | F49: KARLA DAS DORES DE SOUSA | G49: COBRANCA | H49: VESPERTINO | I49: OPERADOR DE TELEMARKETING I | J49: ATIVIDADE NORMAL
A50: wanessaf | B50: WANESSA MORAES FILGUEIRA | C50: ✓ Mapeado | D50: WANESSA MORAES FILGUEIRA | E50: PAULA FERNANDA ALVES | F50: KARLA DAS DORES DE SOUSA | G50: COBRANCA | H50: MATUTINO | I50: OPERADOR DE TELEMARKETING I | J50: ATIVIDADE NORMAL
B51: LAIS RIBEIRO DA SILVA | C51: ⚠ Sem ID ViciDial | D51: LAIS RIBEIRO DA SILVA | E51: PAULA FERNANDA ALVES | F51: KARLA DAS DORES DE SOUSA | G51: COBRANCA | H51: MATUTINO | I51: OPERADOR DE TELEMARKETING I | J51: ATIVIDADE NORMAL
B52: ZIRLENE SOUZA SILVA LOPO | C52: ⚠ Sem ID ViciDial | D52: ZIRLENE SOUZA SILVA LOPO | E52: JENNYFER CABRERA DA CRUZ LIMA | F52: KARLA DAS DORES DE SOUSA | G52: QUALIDADE | H52: MATUTINO | I52: MONITOR | J52: ATIVIDADE NORMAL
A53: adrianes | B53: ADRIANE OLIVEIRA STOPPA | C53: ✓ Mapeado | D53: ADRIANE OLIVEIRA STOPPA | E53: MARCOS VINICIUS ALVES DE OLIVEIRA | F53: BIANCA MUNIZ FERREIRA | G53: RETENCAO | H53: MATUTINO | I53: OPERADOR DE TELEMARKETING I | J53: DESLIGADO
A54: anasilva | B54: ANA BEATRIZ COSTA DA SILV | C54: ✓ Mapeado | D54: ANA BEATRIZ COSTA DA SILVA | E54: MARCOS VINICIUS ALVES DE OLIVEIRA | F54: BIANCA MUNIZ FERREIRA | G54: RETENCAO | H54: MATUTINO | I54: OPERADOR DE TELEMARKETING I | J54: DESLIGADO
A55: annegont | B55: ANNE HELOIZA NOGUEIRA SAN | C55: ✓ Mapeado | D55: ANNE HELOIZA NOGUEIRA SANTOS | E55: MARCOS VINICIUS ALVES DE OLIVEIRA | F55: BIANCA MUNIZ FERREIRA | G55: RETENCAO | H55: MATUTINO | I55: OPERADOR DE TELEMARKETING I | J55: ATIVIDADE NORMAL
A56: antoniap | B56: ANTONIA KESSIA CARVALHO P | C56: ✓ Mapeado | D56: ANTONIA KESSIA CARVALHO POSSIDONIO | E56: MARCOS VINICIUS ALVES DE OLIVEIRA | F56: BIANCA MUNIZ FERREIRA | G56: RETENCAO | H56: MATUTINO | I56: OPERADOR DE TELEMARKETING I | J56: ATIVIDADE NORMAL
A57: aurasant | B57: AURA RODRIGUES DO NASCIME | C57: ✓ Mapeado | D57: AURA RODRIGUES DO NASCIMENTO SANTOS | E57: MARCOS VINICIUS ALVES DE OLIVEIRA | F57: BIANCA MUNIZ FERREIRA | G57: RETENCAO | H57: MATUTINO | I57: OPERADOR DE TELEMARKETING I | J57: AVISO PRÉVIO
A58: dandarao | B58: DANDARA MONTEIRO OLIVEIRA | C58: ✓ Mapeado | D58: DANDARA MONTEIRO OLIVEIRA | E58: MARCOS VINICIUS ALVES DE OLIVEIRA | F58: BIANCA MUNIZ FERREIRA | G58: RETENCAO | H58: MATUTINO | I58: OPERADOR DE TELEMARKETING I | J58: ATIVIDADE NORMAL
A59: deboraaq | B59: DEBORA BRAGA DE MATOS AQU | C59: ✓ Mapeado | D59: DEBORA BRAGA DE MATOS AQUINO | E59: MARCOS VINICIUS ALVES DE OLIVEIRA | F59: BIANCA MUNIZ FERREIRA | G59: RETENCAO | H59: MATUTINO | I59: OPERADOR DE TELEMARKETING I | J59: ATIVIDADE NORMAL
A60: deborape | B60: DEBORA IMIDIO DOS SANTOS | C60: ✓ Mapeado | D60: DEBORA IMIDIO DOS SANTOS PEREIRA | E60: MARCOS VINICIUS ALVES DE OLIVEIRA | F60: BIANCA MUNIZ FERREIRA | G60: RETENCAO | H60: MATUTINO | I60: OPERADOR DE TELEMARKETING I | J60: DESISTENTE
A61: deniseva | B61: DENISE DOS SANTOS VASCONC | C61: ✓ Mapeado | D61: DENISE DOS SANTOS VASCONCELOS | E61: MARCOS VINICIUS ALVES DE OLIVEIRA | F61: BIANCA MUNIZ FERREIRA | G61: RETENCAO | H61: MATUTINO | I61: OPERADOR DE TELEMARKETING I | J61: DESLIGADO
A62: edynayan | B62: EDYNAYANE LIMA DE FRANCA | C62: ✓ Mapeado | D62: EDYNAYANE LIMA DE FRANCA | E62: RAFAEL ALVES DE LIMA | F62: BIANCA MUNIZ FERREIRA | G62: SAC | H62: MATUTINO | I62: OPERADOR DE TELEMARKETING I | J62: ATIVIDADE NORMAL
A63: elizabet | B63: ELIZABETE ALVES NASCIMENT | C63: ✓ Mapeado | D63: ELIZABETE ALVES NASCIMENTO | E63: MARCOS VINICIUS ALVES DE OLIVEIRA | F63: BIANCA MUNIZ FERREIRA | G63: RETENCAO | H63: MATUTINO | I63: OPERADOR DE TELEMARKETING I | J63: DESLIGADO
A64: fabiofil | B64: FABIO BORGES DOS SANTOS F | C64: ✓ Mapeado | D64: FABIO BORGES DOS SANTOS FILHO | E64: MARCOS VINICIUS ALVES DE OLIVEIRA | F64: BIANCA MUNIZ FERREIRA | G64: RETENCAO | H64: MATUTINO | I64: OPERADOR DE TELEMARKETING I | J64: ATIVIDADE NORMAL
... A77: shelleys | B77: SHELLEY DYANNE DE SOUSA S | C77: ✓ Mapeado | D77: SHELLEY DYANNE DE SOUSA SANTOS | E77: MARCOS VINICIUS ALVES DE OLIVEIRA | F77: BIANCA MUNIZ FERREIRA | G77: RETENCAO | H77: MATUTINO | I77: OPERADOR DE TELEMARKETING I | J77: AVISO PRÉVIO
B78: STEPHANNY GABRIELLE DA SILVA SOUSA | C78: ⚠ Sem ID ViciDial | D78: STEPHANNY GABRIELLE DA SILVA SOUSA | E78: MARCOS VINICIUS ALVES DE OLIVEIRA | F78: BIANCA MUNIZ FERREIRA | G78: RETENCAO | H78: MATUTINO | I78: OPERADOR DE TELEMARKETING I | J78: DESISTENTE
A79: valdelic | B79: VALDELICIA VIEIRA LIMA | C79: ✓ Mapeado | D79: VALDELICIA VIEIRA LIMA | E79: MARCOS VINICIUS ALVES DE OLIVEIRA | F79: BIANCA MUNIZ FERREIRA | G79: RETENCAO | H79: MATUTINO | I79: OPERADOR DE TELEMARKETING I | J79: ATIVIDADE NORMAL
A80: vivianeg | B80: VIVIANE EGIDIA DE GOIS | C80: ✓ Mapeado | D80: VIVIANE EGIDIA DE GOIS | E80: MARCOS VINICIUS ALVES DE OLIVEIRA | F80: BIANCA MUNIZ FERREIRA | G80: RETENCAO | H80: MATUTINO | I80: OPERADOR DE TELEMARKETING I | J80: ATIVIDADE NORMAL
A81: yasmympa | B81: YASMYM VITORIA BARBOSA PA | C81: ✓ Mapeado | D81: YASMYM VITORIA BARBOSA PAIVA | E81: MARCOS VINICIUS ALVES DE OLIVEIRA | F81: BIANCA MUNIZ FERREIRA | G81: RETENCAO | H81: MATUTINO | I81: OPERADOR DE TELEMARKETING I | J81: DESLIGADO
A82: adriamsi | B82: ADRIAM DA CONCEICAO SILVA | C82: ✓ Mapeado | D82: ADRIAM DA CONCEICAO SILVA | E82: JENNYFER CABRERA DA CRUZ LIMA | F82: KARLA DAS DORES DE SOUSA | G82: BACKOFFICE | H82: VESPERTINO | I82: OPERADOR DE TELEMARKETING II | J82: ATIVIDADE NORMAL
A83: alexgarc | B83: ALEX FREITAS GARCIA | C83: ✓ Mapeado | D83: ALEX FREITAS GARCIA | E83: NICOLAS NOLBERTO MENA | F83: BIANCA MUNIZ FERREIRA | G83: RETENCAO | H83: VESPERTINO | I83: OPERADOR DE TELEMARKETING I | J83: DESLIGADO
A84: aquilesf | B84: AQUILES RODRIGUES DE FREI | C84: ✓ Mapeado | D84: AQUILES RODRIGUES DE FREITAS | E84: NICOLAS NOLBERTO MENA | F84: BIANCA MUNIZ FERREIRA | G84: RETENCAO | H84: VESPERTINO | I84: OPERADOR DE TELEMARKETING I | J84: AVISO PRÉVIO
B85: BRENDO ARAUJO DA LUZ | C85: ⚠ Sem ID ViciDial | D85: BRENDO ARAUJO DA LUZ | E85: NICOLAS NOLBERTO MENA | F85: BIANCA MUNIZ FERREIRA | G85: RETENCAO | H85: VESPERTINO | I85: OPERADOR DE TELEMARKETING I | J85: ATIVIDADE NORMAL
A86: camilach | B86: CAMILA OLIVEIRA DAS CHAGA | C86: ✓ Mapeado | D86: CAMILA OLIVEIRA DAS CHAGAS | E86: NICOLAS NOLBERTO MENA | F86: BIANCA MUNIZ FERREIRA | G86: RETENCAO | H86: VESPERTINO | I86: OPERADOR DE TELEMARKETING I | J86: ATIVIDADE NORMAL
B87: DENISE MARINHO DE SOUZA | C87: ⚠ Sem ID ViciDial | D87: DENISE MARINHO DE SOUZA | E87: NICOLAS NOLBERTO MENA | F87: BIANCA MUNIZ FERREIRA | G87: RETENCAO | H87: VESPERTINO | I87: OPERADOR DE TELEMARKETING I | J87: ATIVIDADE NORMAL
B88: IORRANNA KELLEN RODRIGUES | C88: ⚠ Sem ID ViciDial | D88: IORRANNA KELLEN RODRIGUES | E88: NICOLAS NOLBERTO MENA | F88: BIANCA MUNIZ FERREIRA | G88: RETENCAO | H88: VESPERTINO | I88: OPERADOR DE TELEMARKETING I | J88: TREINAMENTO
A89: jonatans | B89: JONATAN MENDONCA DOS SANT | C89: ✓ Mapeado | D89: JONATAN MENDONCA DOS SANTOS | E89: NICOLAS NOLBERTO MENA | F89: BIANCA MUNIZ FERREIRA | G89: RETENCAO | H89: VESPERTINO | I89: OPERADOR DE TELEMARKETING I | J89: AVISO PRÉVIO
B90: JOSELITA NUNES DE SOUZA | C90: ⚠ Sem ID ViciDial | D90: JOSELITA NUNES DE SOUZA | E90: NICOLAS NOLBERTO MENA | F90: BIANCA MUNIZ FERREIRA | G90: RETENCAO | H90: VESPERTINO | I90: OPERADOR DE TELEMARKETING I | J90: DESLIGADO
B91: LARA SOUZA HEINZ | C91: ⚠ Sem ID ViciDial | D91: LARA SOUZA HEINZ | E91: NICOLAS NOLBERTO MENA | F91: BIANCA MUNIZ FERREIRA | G91: RETENCAO | H91: VESPERTINO | I91: OPERADOR DE TELEMARKETING I | J91: ATIVIDADE NORMAL
A92: lidiasou | B92: LIDIA GABRIELLY DOS SANTO | C92: ✓ Mapeado | D92: LIDIA GABRIELLY DOS SANTOS SOUSA | E92: NICOLAS NOLBERTO MENA | F92: BIANCA MUNIZ FERREIRA | G92: RETENCAO | H92: VESPERTINO | I92: OPERADOR DE TELEMARKETING I | J92: ATIVIDADE NORMAL
B93: MARCO ANTONIO DA SILVA TINOCO | C93: ⚠ Sem ID ViciDial | D93: MARCO ANTONIO DA SILVA TINOCO | E93: NICOLAS NOLBERTO MENA | F93: BIANCA MUNIZ FERREIRA | G93: RETENCAO | H93: VESPERTINO | I93: OPERADOR DE TELEMARKETING I | J93: DESLIGADO
B94: MARIA DIEGICA PEREIRA DA SILVA | C94: ⚠ Sem ID ViciDial | D94: MARIA DIEGICA PEREIRA DA SILVA | E94: NICOLAS NOLBERTO MENA | F94: BIANCA MUNIZ FERREIRA | G94: RETENCAO | H94: VESPERTINO | I94: OPERADOR DE TELEMARKETING I | J94: DESLIGADO
B95: MARIA DYSLLIAN JUSTINO FERRAZ | C95: ⚠ Sem ID ViciDial | D95: MARIA DYSLLIAN JUSTINO FERRAZ | E95: NICOLAS NOLBERTO MENA | F95: BIANCA MUNIZ FERREIRA | G95: RETENCAO | H95: VESPERTINO | I95: OPERADOR DE TELEMARKETING I | J95: ATIVIDADE NORMAL
B96: MARIANA RESENDE GONCALVES | C96: ⚠ Sem ID ViciDial | D96: MARIANA RESENDE GONCALVES | E96: NICOLAS NOLBERTO MENA | F96: BIANCA MUNIZ FERREIRA | G96: RETENCAO | H96: VESPERTINO | I96: OPERADOR DE TELEMARKETING I | J96: ATIVIDADE NORMAL
B97: MATHEUS CHAVES LEITE | C97: ⚠ Sem ID ViciDial | D97: MATHEUS CHAVES LEITE | E97: NICOLAS NOLBERTO MENA | F97: BIANCA MUNIZ FERREIRA | G97: RETENCAO | H97: VESPERTINO | I97: OPERADOR DE TELEMARKETING I | J97: ATIVIDADE NORMAL
A98: michelly | B98: MICHELLY DE SOUZA LOPES | C98: ✓ Mapeado | D98: MICHELLY DE SOUZA LOPES | E98: NICOLAS NOLBERTO MENA | F98: BIANCA MUNIZ FERREIRA | G98: RETENCAO | H98: VESPERTINO | I98: OPERADOR DE TELEMARKETING I | J98: ATIVIDADE NORMAL
A99: nadyabes | B99: NADYA REGIANE RAMOS BESSA | C99: ✓ Mapeado | D99: NADYA REGIANE RAMOS BESSA | E99: MARCOS VINICIUS ALVES DE OLIVEIRA | F99: BIANCA MUNIZ FERREIRA | G99: RETENCAO | H99: MATUTINO | I99: OPERADOR DE TELEMARKETING I | J99: ATIVIDADE NORMAL
B100: NATALIA AZEVEDO DA SILVA | C100: ⚠ Sem ID ViciDial | D100: NATALIA AZEVEDO DA SILVA | E100: NICOLAS NOLBERTO MENA | F100: BIANCA MUNIZ FERREIRA | G100: RETENCAO | H100: VESPERTINO | I100: OPERADOR DE TELEMARKETING I | J100: ATIVIDADE NORMAL
B101: NATHALIA DOS SANTOS MORAIS | C101: ⚠ Sem ID ViciDial | D101: NATHALIA DOS SANTOS MORAIS | E101: NICOLAS NOLBERTO MENA | F101: BIANCA MUNIZ FERREIRA | G101: RETENCAO | H101: VESPERTINO | I101: OPERADOR DE TELEMARKETING I | J101: ATIVIDADE NORMAL
A102: odetesil | B102: ODETE AQUINO SILVA | C102: ✓ Mapeado | D102: ODETE AQUINO SILVA | E102: NICOLAS NOLBERTO MENA | F102: BIANCA MUNIZ FERREIRA | G102: RETENCAO | H102: VESPERTINO | I102: OPERADOR DE TELEMARKETING I | J102: ATIVIDADE NORMAL
A103: orneliab | B103: ORNELIA DE AGUIAR CORDEIR | C103: ✓ Mapeado | D103: ORNELIA DE AGUIAR CORDEIRO BARBOSA | E103: NICOLAS NOLBERTO MENA | F103: BIANCA MUNIZ FERREIRA | G103: RETENCAO | H103: VESPERTINO | I103: OPERADOR DE TELEMARKETING I | J103: ATIVIDADE NORMAL
A104: ortelina | B104: ORTELINA NEVES DE JESUS N | C104: ✓ Mapeado | D104: ORTELINA NEVES DE JESUS NETA | E104: NICOLAS NOLBERTO MENA | F104: BIANCA MUNIZ FERREIRA | G104: RETENCAO | H104: VESPERTINO | I104: OPERADOR DE TELEMARKETING I | J104: DESLIGADO
B105: PAULA CRISTINA CAETANO DA SILVA | C105: ⚠ Sem ID ViciDial | D105: PAULA CRISTINA CAETANO DA SILVA | E105: NICOLAS NOLBERTO MENA | F105: BIANCA MUNIZ FERREIRA | G105: RETENCAO | H105: VESPERTINO | I105: OPERADOR DE TELEMARKETING I | J105: ATIVIDADE NORMAL
A106: raycagon | B106: RAYCA ALVES DA SILVA GONC | C106: ✓ Mapeado | D106: RAYCA ALVES DA SILVA GONCALVES | E106: MARCOS VINICIUS ALVES DE OLIVEIRA | F106: BIANCA MUNIZ FERREIRA | G106: RETENCAO | H106: MATUTINO | I106: OPERADOR DE TELEMARKETING I | J106: ATIVIDADE NORMAL
A107: renataso | B107: RENATA ALVES DE SOUZA | C107: ✓ Mapeado | D107: RENATA ALVES DE SOUZA | E107: NICOLAS NOLBERTO MENA | F107: BIANCA MUNIZ FERREIRA | G107: RETENCAO | H107: VESPERTINO | I107: OPERADOR DE TELEMARKETING I | J107: DESLIGADO
B108: SABRINA DA COSTA NERES | C108: ⚠ Sem ID ViciDial | D108: SABRINA DA COSTA NERES | E108: NICOLAS NOLBERTO MENA | F108: BIANCA MUNIZ FERREIRA | G108: RETENCAO | H108: VESPERTINO | I108: OPERADOR DE TELEMARKETING I | J108: ATIVIDADE NORMAL
A109: sarabran | B109: SARA VIANA BRANDT | C109: ✓ Mapeado | D109: SARA VIANA BRANDT | E109: NICOLAS NOLBERTO MENA | F109: BIANCA MUNIZ FERREIRA | G109: RETENCAO | H109: VESPERTINO | I109: OPERADOR DE TELEMARKETING I | J109: DESLIGADO
A110: thaismar | B110: THAIS DO SOCORRO CAVALCAN | C110: ✓ Mapeado | D110: THAIS DO SOCORRO CAVALCANTE MARIANO | E110: NICOLAS NOLBERTO MENA | F110: BIANCA MUNIZ FERREIRA | G110: RETENCAO | H110: VESPERTINO | I110: OPERADOR DE TELEMARKETING I | J110: ATIVIDADE NORMAL
A111: yasminre | B111: YASMIN KETLEM ALVES DOS R | C111: ✓ Mapeado | D111: YASMIN KETLEM ALVES DOS REIS | E111: NICOLAS NOLBERTO MENA | F111: BIANCA MUNIZ FERREIRA | G111: RETENCAO | H111: VESPERTINO | I111: OPERADOR DE TELEMARKETING I | J111: AVISO PRÉVIO
A112: adrianes | B112: ADRIANE PIRES DA SILVA SE | C112: ✓ Mapeado | D112: ADRIANE PIRES DA SILVA SERRA | E112: PRISCILLA LOURENCO DA SILVA | F112: BIANCA MUNIZ FERREIRA | G112: RETENCAO | H112: VESPERTINO | I112: OPERADOR DE TELEMARKETING I | J112: DESLIGADO
B113: CLEITIANE DE SOUSA SILVA SANTOS | C113: ⚠ Sem ID ViciDial | D113: CLEITIANE DE SOUSA SILVA SANTOS | E113: PRISCILLA LOURENCO DA SILVA | F113: BIANCA MUNIZ FERREIRA | G113: RETENCAO | H113: VESPERTINO | I113: OPERADOR DE TELEMARKETING I | J113: DESISTENTE
A114: lucimone | B114: LUCIMONE COSTA RAMOS | C114: ✓ Mapeado | D114: LUCIMONE COSTA RAMOS | E114: PRISCILLA LOURENCO DA SILVA | F114: BIANCA MUNIZ FERREIRA | G114: RETENCAO | H114: VESPERTINO | I114: OPERADOR DE TELEMARKETING I | J114: DESLIGADO
B115: VANESSA SERAFIM DOS ANJOS | C115: ⚠ Sem ID ViciDial | D115: VANESSA SERAFIM DOS ANJOS | E115: PRISCILLA LOURENCO DA SILVA | F115: BIANCA MUNIZ FERREIRA | G115: RETENCAO | H115: VESPERTINO | I115: OPERADOR DE TELEMARKETING I | J115: DESISTENTE
A116: anagonca | B116: ANA CAROLINA SANTOS GONCA | C116: ✓ Mapeado | D116: ANA CAROLINA SANTOS GONCALVES | E116: RENATA MARQUES LIMA DOS REIS | F116: BIANCA MUNIZ FERREIRA | G116: SAC | H116: VESPERTINO | I116: OPERADOR DE TELEMARKETING I | J116: DESLIGADO
A117: andressa | B117: ANDRESSA PEREIRA DOS SANT | C117: ✓ Mapeado | D117: ANDRESSA PEREIRA DOS SANTOS | E117: RAFAEL ALVES DE LIMA | F117: BIANCA MUNIZ FERREIRA | G117: SAC | H117: MATUTINO | I117: OPERADOR DE TELEMARKETING I | J117: ATIVIDADE NORMAL
A118: carlosbe | B118: CARLOS AUGUSTO MOREIRA BE | C118: ✓ Mapeado | D118: CARLOS AUGUSTO MOREIRA BERGUES | E118: RENATA MARQUES LIMA DOS REIS | F118: BIANCA MUNIZ FERREIRA | G118: SAC | H118: VESPERTINO | I118: OPERADOR DE TELEMARKETING I | J118: ATIVIDADE NORMAL
A119: carlossi | B119: CARLOS FERREIRA DA SILVA | C119: ✓ Mapeado | D119: CARLOS FERREIRA DA SILVA | E119: RENATA MARQUES LIMA DOS REIS | F119: BIANCA MUNIZ FERREIRA | G119: SAC | H119: VESPERTINO | I119: OPERADOR DE TELEMARKETING I | J119: ATIVIDADE NORMAL
...

Sheet Notas Técnicas
A1: RELATÓRIO DE PAUSAS POR USUÁRIO — HUBMAIS
A2: Período: 01/05/2026 a 07/05/2026 (excluindo 03/05)
A5: 1. Estrutura do relatório
A6: Painel | B6: Aba interativa com filtros dinâmicos. KPIs e tabela detalhada se ajustam automaticamente conforme você muda os filtros. É o ponto de partida.
A7: Consolidado | B7: 1 linha por agente, somando todos os 6 dias do período. Visão estática, executiva.
A8: Diário | B8: Long format — 1 linha por agente × dia. Base de dados que alimenta o Painel. Use para pivot tables externas.
A9: Resumo Supervisor | B9: Agregação por supervisor com linha de total geral.
A10: Mapeamento | B10: Detalhe do cruzamento Compilado ↔ Escala. Mostra também quem está na escala mas não teve registro nos dias.
A12: 2. Como usar o Painel
A13: Modo de análise | B13: Escolha entre 3 modos: "Dia específico" usa a data informada em "Data específica". "Consolidado" agrega todos os dias automaticamente (ignora as datas). "Intervalo" usa as datas em "Data início" e "Data fim".
A14: Padrão de abertura | B14: Por padrão o painel abre com modo "Dia específico" e o último dia disponível (07/05/2026). Ao atualizar a base, basta editar a célula da data específica para o dia novo.
A15: Filtros adicionais | B15: Os campos Área e Supervisor têm a opção "TODAS"/"TODOS" para não filtrar, ou um valor específico. Combine os filtros como quiser — eles agem em conjunto.
A16: Datas efetivas | B16: A direita dos filtros mostra qual período foi de fato aplicado. Útil para conferir antes de tirar conclusões.
A17: Linhas em cinza | B17: Agentes que não tiveram atividade no filtro escolhido (0 chamadas e 0 tempo logado) aparecem em cinza claro automaticamente.
A18: Filtro do Excel | B18: A linha de cabeçalho da tabela tem AutoFilter ativo. Você pode adicionar filtros extras (ex: ordenar por TMA) sem afetar os filtros principais do painel.
A20: 3. Cálculo das métricas
A21: TMA | B21: Tempo Médio de Atendimento = Tempo Falado (TALK) ÷ Chamadas (CALLS). Considera apenas o tempo de conversa, não inclui pós-atendimento (DISPO). Se quiser incluir DISPO, basta avisar.
A22: Pausa % Login | B22: Tempo Pausado ÷ Tempo Logado.
A23: TMA Médio do Painel | B23: Soma de todo o TALK do filtro ÷ soma de todas as CALLS do filtro. É média ponderada, não média simples dos TMAs individuais.
A24: Tempos | B24: Todos os tempos estão em formato [h]:mm:ss e suportam mais de 24h. Internamente são frações de dia (1 dia = 1.0).
A26: 4. Detalhamento por tipo de pausa
A27: Cobertura | B27: Conforme alinhado, o detalhamento por tipo (BANHEI, DESCAN, FEEDBK, LANCHE, MANUAL, TREINA, TESTE) só é considerado a partir de 05/05/2026. Os dias 01, 02 e 04/05 contribuem apenas para o tempo TOTAL pausado.
A28: Por que | B28: Antes de 05/05 o sistema só registrava DISMX, LAGGED e LOGIN. Misturar com os dias posteriores distorceria a leitura por categoria.
A29: TESTE | B29: Aparece apenas no dia 05/05. Sumiu nos dias 06 e 07.
A31: 5. Cruzamento com a escala
A32: Estratégia | B32: Match prioritário pelo prefixo dos primeiros 25 caracteres do nome (que é como o sistema trunca o USER NAME). Onde o prefixo não bateu, fuzzy matching com tolerância de 85%.
A33: Resultados | B33: 138 de 142 agentes do compilado foram cruzados automaticamente. Os 4 não identificados são lideranças (Pedro Saddi, Bianca Muniz, Caue Fonseca, Paula Fernanda) que não constam na escala como operadores.
A34: Inconsistência | B34: O nome "THAYNA FEREIRA" no compilado tem grafia diferente da escala ("THAYNA FERREIRA" — duas RR). O fuzzy matching resolveu, mas vale corrigir no cadastro.
A36: 6. Itens excluídos
A37: Admin | B37: Registro com ID 6666 ("Admin") removido de todas as agregações.
A38: Linha TOTALS | B38: A linha "TOTALS AGENTS:" que aparece no final de cada aba do relatório original foi descartada.
A40: 7. Próximos passos sugeridos
A41: Cadastrar Caue e Julliana | B41: Estão operando mas não constam na escala.
A42: Corrigir grafia de THAYNA | B42: Padronizar entre cadastro do sistema e escala.
A43: Atualizar diariamente | B43: Quando o relatório do dia chegar, basta acrescentar a aba na planilha-fonte e regerar este compilado. O Painel automaticamente passa a mostrar o novo último dia se você editar a data específica.

Sheet Variável SAC
A1: PROJEÇÃO DE VARIÁVEL — FILA SAC
A2: Time SAC pela ESCALA atualizada (até 01/08). Métricas acumuladas do mês, por NOME (atualizam ao adicionar dias e quando novos agentes começam a produzir). Preencha apenas Faltas.
A4: REGRAS DA VARIÁVEL (valores editáveis)
A5: TMA — quanto menor, melhor
A6: 1ª faixa | B6: 0.0048611111 | C6: 50
A7: 2ª faixa | B7: 0.0041666667 | C7: 75
A8: 3ª faixa | B8: 0.0034722222 | C8: 100
A9: Tempo Logado
A10: Faixa única (≥ horas) | B10: 150 | C10: 100
A11: Tempo em Pausa (% do login) — quanto menor, melhor
A12: 1ª faixa | B12: 0.13 | C12: 100
A13: 2ª faixa | B13: 0.15 | C13: 75
A14: 3ª faixa | B14: 0.17 | C14: 50
A15: Deflator — Faltas
A16: 1 falta | B16: -0.5
A17: 2 ou mais faltas | B17: -1
A19: Agente | B19: ID Sistema | C19: Supervisor | D19: Chamadas | E19: TMA | F19: R$ TMA | G19: Horas Logadas | H19: R$ Logado | I19: % Pausa | J19: R$ Pausa | K19: Variável | L19: Faltas | M19: Deflator | N19: Variável Final
A20: ALAINE BARBOSA RIBEIRO | B20: =IFERROR(INDEX(Consolidado!$B:$B,MATCH($A20,Consolidado!$A:$A,0)),"") -> alaineribeiro | C20: RAFAEL ALVES DE LIMA | D20: =IFERROR(INDEX(Consolidado!$J:$J,MATCH($A20,Consolidado!$A:$A,0)),0) -> 273 | E20: =IFERROR(INDEX(Consolidado!$M:$M,MATCH($A20,Consolidado!$A:$A,0)),0) -> 0.0077662037 | F20: =IF(D20=0,0,IF(E20<=$B$8,$C$8,IF(E20<=$B$7,$C$7,IF(E20<=$B$6,$C$6,0)))) -> 0 | G20: =IFERROR(INDEX(Consolidado!$K:$K,MATCH($A20,Consolidado!$A:$A,0)),0) -> 3.8627662 | H20: =IF(G20*24>=$B$10,$C$10,0) -> 0 | I20: =IFERROR(INDEX(Consolidado!$O:$O,MATCH($A20,Consolidado!$A:$A,0)),0) -> 0.17047249 | J20: =IF(G20=0,0,IF(I20<=$B$12,$C$12,IF(I20<=$B$13,$C$13,IF(I20<=$B$14,$C$14,0)))) -> 0 | K20: =F20+H20+J20 -> 0 | L20: 0 | M20: =IF(L20>=2,$B$17,IF(L20=1,$B$16,0)) -> -1 | N20: =K20*(1+M20) -> 0
A21: AMANDA LORENA ALVES | B21: =IFERROR(INDEX(Consolidado!$B:$B,MATCH($A21,Consolidado!$A:$A,0)),"") -> amandaalves | C21: RAFAEL ALVES DE LIMA | D21: =IFERROR(INDEX(Consolidado!$J:$J,MATCH($A21,Consolidado!$A:$A,0)),0) -> 362 | E21: =IFERROR(INDEX(Consolidado!$M:$M,MATCH($A21,Consolidado!$A:$A,0)),0) -> 0.0036805556 | F21: =IF(D21=0,0,IF(E21<=$B$8,$C$8,IF(E21<=$B$7,$C$7,IF(E21<=$B$6,$C$6,0)))) -> 75 | G21: =IFERROR(INDEX(Consolidado!$K:$K,MATCH($A21,Consolidado!$A:$A,0)),0) -> 2.6003935 | H21: =IF(G21*24>=$B$10,$C$10,0) -> 0 | I21: =IFERROR(INDEX(Consolidado!$O:$O,MATCH($A21,Consolidado!$A:$A,0)),0) -> 0.17213385 | J21: =IF(G21=0,0,IF(I21<=$B$12,$C$12,IF(I21<=$B$13,$C$13,IF(I21<=$B$14,$C$14,0)))) -> 0 | K21: =F21+H21+J21 -> 75 | L21: 0 | M21: =IF(L21>=2,$B$17,IF(L21=1,$B$16,0)) -> -1 | N21: =K21*(1+M21) -> 0
A22: ANANDA SANTOS VIEIRA | B22: =IFERROR(INDEX(Consolidado!$B:$B,MATCH($A22,Consolidado!$A:$A,0)),"") -> anandavieira | C22: RAFAEL ALVES DE LIMA | D22: =IFERROR(INDEX(Consolidado!$J:$J,MATCH($A22,Consolidado!$A:$A,0)),0) -> 419 | E22: =IFERROR(INDEX(Consolidado!$M:$M,MATCH($A22,Consolidado!$A:$A,0)),0) -> 0.0034027778 | F22: =IF(D22=0,0,IF(E22<=$B$8,$C$8,IF(E22<=$B$7,$C$7,IF(E22<=$B$6,$C$6,0)))) -> 100 | G22: =IFERROR(INDEX(Consolidado!$K:$K,MATCH($A22,Consolidado!$A:$A,0)),0) -> 2.9790625 | H22: =IF(G22*24>=$B$10,$C$10,0) -> 0 | I22: =IFERROR(INDEX(Consolidado!$O:$O,MATCH($A22,Consolidado!$A:$A,0)),0) -> 0.17361524 | J22: =IF(G22=0,0,IF(I22<=$B$12,$C$12,IF(I22<=$B$13,$C$13,IF(I22<=$B$14,$C$14,0)))) -> 0 | K22: =F22+H22+J22 -> 100 | L22: 0 | M22: =IF(L22>=2,$B$17,IF(L22=1,$B$16,0)) -> -1 | N22: =K22*(1+M22) -> 0
A23: ANDRESSA PEREIRA DOS SANTOS | B23: =IFERROR(INDEX(Consolidado!$B:$B,MATCH($A23,Consolidado!$A:$A,0)),"") -> andressasantos | C23: RAFAEL ALVES DE LIMA | D23: =IFERROR(INDEX(Consolidado!$J:$J,MATCH($A23,Consolidado!$A:$A,0)),0) -> 521 | E23: =IFERROR(INDEX(Consolidado!$M:$M,MATCH($A23,Consolidado!$A:$A,0)),0) -> 0.0035416667 | F23: =IF(D23=0,0,IF(E23<=$B$8,$C$8,IF(E23<=$B$7,$C$7,IF(E23<=$B$6,$C$6,0)))) -> 75 | G23: =IFERROR(INDEX(Consolidado!$K:$K,MATCH($A23,Consolidado!$A:$A,0)),0) -> 3.8572222 | H23: =IF(G23*24>=$B$10,$C$10,0) -> 0 | I23: =IFERROR(INDEX(Consolidado!$O:$O,MATCH($A23,Consolidado!$A:$A,0)),0) -> 0.17559952 | J23: =IF(G23=0,0,IF(I23<=$B$12,$C$12,IF(I23<=$B$13,$C$13,IF(I23<=$B$14,$C$14,0)))) -> 0 | K23: =F23+H23+J23 -> 75 | L23: 0 | M23: =IF(L23>=2,$B$17,IF(L23=1,$B$16,0)) -> -1 | N23: =K23*(1+M23) -> 0
A24: ARIENE GONCALVES DE MORAES NASCIMENTO | B24: =IFERROR(INDEX(Consolidado!$B:$B,MATCH($A24,Consolidado!$A:$A,0)),"") -> arienenascimento | C24: RAFAEL ALVES DE LIMA | D24: =IFERROR(INDEX(Consolidado!$J:$J,MATCH($A24,Consolidado!$A:$A,0)),0) -> 62 | E24: =IFERROR(INDEX(Consolidado!$M:$M,MATCH($A24,Consolidado!$A:$A,0)),0) -> 0.0040972222 | F24: =IF(D24=0,0,IF(E24<=$B$8,$C$8,IF(E24<=$B$7,$C$7,IF(E24<=$B$6,$C$6,0)))) -> 75 | G24: =IFERROR(INDEX(Consolidado!$K:$K,MATCH($A24,Consolidado!$A:$A,0)),0) -> 2.8863079 | H24: =IF(G24*24>=$B$10,$C$10,0) -> 0 | I24: =IFERROR(INDEX(Consolidado!$O:$O,MATCH($A24,Consolidado!$A:$A,0)),0) -> 0.86206827 | J24: =IF(G24=0,0,IF(I24<=$B$12,$C$12,IF(I24<=$B$13,$C$13,IF(I24<=$B$14,$C$14,0)))) -> 0 | K24: =F24+H24+J24 -> 75 | L24: 0 | M24: =IF(L24>=2,$B$17,IF(L24=1,$B$16,0)) -> -1 | N24: =K24*(1+M24) -> 0
A25: BARBARA GLENDA DONIZETE DIAS | B25: =IFERROR(INDEX(Consolidado!$B:$B,MATCH($A25,Consolidado!$A:$A,0)),"") -> barbaradias | C25: RAFAEL ALVES DE LIMA | D25: =IFERROR(INDEX(Consolidado!$J:$J,MATCH($A25,Consolidado!$A:$A,0)),0) -> 22 | E25: =IFERROR(INDEX(Consolidado!$M:$M,MATCH($A25,Consolidado!$A:$A,0)),0) -> 0.0036226852 | F25: =IF(D25=0,0,IF(E25<=$B$8,$C$8,IF(E25<=$B$7,$C$7,IF(E25<=$B$6,$C$6,0)))) -> 75 | G25: =IFERROR(INDEX(Consolidado!$K:$K,MATCH($A25,Consolidado!$A:$A,0)),0) -> 3.4550347 | H25: =IF(G25*24>=$B$10,$C$10,0) -> 0 | I25: =IFERROR(INDEX(Consolidado!$O:$O,MATCH($A25,Consolidado!$A:$A,0)),0) -> 0.95085004 | J25: =IF(G25=0,0,IF(I25<=$B$12,$C$12,IF(I25<=$B$13,$C$13,IF(I25<=$B$14,$C$14,0)))) -> 0 | K25: =F25+H25+J25 -> 75 | L25: 0 | M25: =IF(L25>=2,$B$17,IF(L25=1,$B$16,0)) -> -1 | N25: =K25*(1+M25) -> 0
A26: CARLOS AUGUSTO MOREIRA BERGUES | B26: =IFERROR(INDEX(Consolidado!$B:$B,MATCH($A26,Consolidado!$A:$A,0)),"") -> carlosbergues | C26: RENATA MARQUES LIMA DOS REIS | D26: =IFERROR(INDEX(Consolidado!$J:$J,MATCH($A26,Consolidado!$A:$A,0)),0) -> 35 | E26: =IFERROR(INDEX(Consolidado!$M:$M,MATCH($A26,Consolidado!$A:$A,0)),0) -> 0.0091550926 | F26: =IF(D26=0,0,IF(E26<=$B$8,$C$8,IF(E26<=$B$7,$C$7,IF(E26<=$B$6,$C$6,0)))) -> 0 | G26: =IFERROR(INDEX(Consolidado!$K:$K,MATCH($A26,Consolidado!$A:$A,0)),0) -> 1.6950694 | H26: =IF(G26*24>=$B$10,$C$10,0) -> 0 | I26: =IFERROR(INDEX(Consolidado!$O:$O,MATCH($A26,Consolidado!$A:$A,0)),0) -> 0.80792604 | J26: =IF(G26=0,0,IF(I26<=$B$12,$C$12,IF(I26<=$B$13,$C$13,IF(I26<=$B$14,$C$14,0)))) -> 0 | K26: =F26+H26+J26 -> 0 | L26: 0 | M26: =IF(L26>=2,$B$17,IF(L26=1,$B$16,0)) -> -1 | N26: =K26*(1+M26) -> 0
A27: DEBORA DA SILVA COELHO | B27: =IFERROR(INDEX(Consolidado!$B:$B,MATCH($A27,Consolidado!$A:$A,0)),"") -> deboracoelho | C27: RENATA MARQUES LIMA DOS REIS | D27: =IFERROR(INDEX(Consolidado!$J:$J,MATCH($A27,Consolidado!$A:$A,0)),0) -> 483 | E27: =IFERROR(INDEX(Consolidado!$M:$M,MATCH($A27,Consolidado!$A:$A,0)),0) -> 0.0057523148 | F27: =IF(D27=0,0,IF(E27<=$B$8,$C$8,IF(E27<=$B$7,$C$7,IF(E27<=$B$6,$C$6,0)))) -> 0 | G27: =IFERROR(INDEX(Consolidado!$K:$K,MATCH($A27,Consolidado!$A:$A,0)),0) -> 3.9040856 | H27: =IF(G27*24>=$B$10,$C$10,0) -> 0 | I27: =IFERROR(INDEX(Consolidado!$O:$O,MATCH($A27,Consolidado!$A:$A,0)),0) -> 0.14498404 | J27: =IF(G27=0,0,IF(I27<=$B$12,$C$12,IF(I27<=$B$13,$C$13,IF(I27<=$B$14,$C$14,0)))) -> 75 | K27: =F27+H27+J27 -> 75 | L27: 0 | M27: =IF(L27>=2,$B$17,IF(L27=1,$B$16,0)) -> -1 | N27: =K27*(1+M27) -> 0
A28: DIOVANIA ROCHA ALVES SANTOS | B28: =IFERROR(INDEX(Consolidado!$B:$B,MATCH($A28,Consolidado!$A:$A,0)),"") -> diovaniasantos | C28: RAFAEL ALVES DE LIMA | D28: =IFERROR(INDEX(Consolidado!$J:$J,MATCH($A28,Consolidado!$A:$A,0)),0) -> 24 | E28: =IFERROR(INDEX(Consolidado!$M:$M,MATCH($A28,Consolidado!$A:$A,0)),0) -> 0.0061574074 | F28: =IF(D28=0,0,IF(E28<=$B$8,$C$8,IF(E28<=$B$7,$C$7,IF(E28<=$B$6,$C$6,0)))) -> 0 | G28: =IFERROR(INDEX(Consolidado!$K:$K,MATCH($A28,Consolidado!$A:$A,0)),0) -> 3.3416667 | H28: =IF(G28*24>=$B$10,$C$10,0) -> 0 | I28: =IFERROR(INDEX(Consolidado!$O:$O,MATCH($A28,Consolidado!$A:$A,0)),0) -> 0.91691604 | J28: =IF(G28=0,0,IF(I28<=$B$12,$C$12,IF(I28<=$B$13,$C$13,IF(I28<=$B$14,$C$14,0)))) -> 0 | K28: =F28+H28+J28 -> 0 | L28: 0 | M28: =IF(L28>=2,$B$17,IF(L28=1,$B$16,0)) -> -1 | N28: =K28*(1+M28) -> 0
A29: EDUARDO GABRIEL ANGELIM GONCALVES | B29: =IFERROR(INDEX(Consolidado!$B:$B,MATCH($A29,Consolidado!$A:$A,0)),"") -> eduardogoncalves | C29: RENATA MARQUES LIMA DOS REIS | D29: =IFERROR(INDEX(Consolidado!$J:$J,MATCH($A29,Consolidado!$A:$A,0)),0) -> 531 | E29: =IFERROR(INDEX(Consolidado!$M:$M,MATCH($A29,Consolidado!$A:$A,0)),0) -> 0.0056365741 | F29: =IF(D29=0,0,IF(E29<=$B$8,$C$8,IF(E29<=$B$7,$C$7,IF(E29<=$B$6,$C$6,0)))) -> 0 | G29: =IFERROR(INDEX(Consolidado!$K:$K,MATCH($A29,Consolidado!$A:$A,0)),0) -> 3.928287 | H29: =IF(G29*24>=$B$10,$C$10,0) -> 0 | I29: =IFERROR(INDEX(Consolidado!$O:$O,MATCH($A29,Consolidado!$A:$A,0)),0) -> 0.14235837 | J29: =IF(G29=0,0,IF(I29<=$B$12,$C$12,IF(I29<=$B$13,$C$13,IF(I29<=$B$14,$C$14,0)))) -> 75 | K29: =F29+H29+J29 -> 75 | L29: 0 | M29: =IF(L29>=2,$B$17,IF(L29=1,$B$16,0)) -> -1 | N29: =K29*(1+M29) -> 0
A30: EDYNAYANE LIMA DE FRANCA | B30: =IFERROR(INDEX(Consolidado!$B:$B,MATCH($A30,Consolidado!$A:$A,0)),"") -> edynayanefranca | C30: RAFAEL ALVES DE LIMA | D30: =IFERROR(INDEX(Consolidado!$J:$J,MATCH($A30,Consolidado!$A:$A,0)),0) -> 597 | E30: =IFERROR(INDEX(Consolidado!$M:$M,MATCH($A30,Consolidado!$A:$A,0)),0) -> 0.0029050926 | F30: =IF(D30=0,0,IF(E30<=$B$8,$C$8,IF(E30<=$B$7,$C$7,IF(E30<=$B$6,$C$6,0)))) -> 100 | G30: =IFERROR(INDEX(Consolidado!$K:$K,MATCH($A30,Consolidado!$A:$A,0)),0) -> 3.8137731 | H30: =IF(G30*24>=$B$10,$C$10,0) -> 0 | I30: =IFERROR(INDEX(Consolidado!$O:$O,MATCH($A30,Consolidado!$A:$A,0)),0) -> 0.21154138 | J30: =IF(G30=0,0,IF(I30<=$B$12,$C$12,IF(I30<=$B$13,$C$13,IF(I30<=$B$14,$C$14,0)))) -> 0 | K30: =F30+H30+J30 -> 100 | L30: 0 | M30: =IF(L30>=2,$B$17,IF(L30=1,$B$16,0)) -> -1 | N30: =K30*(1+M30) -> 0
A31: ELAINE OLIVEIRA SILVA | B31: =IFERROR(INDEX(Consolidado!$B:$B,MATCH($A31,Consolidado!$A:$A,0)),"") -> elainesilva | C31: RENATA MARQUES LIMA DOS REIS | D31: =IFERROR(INDEX(Consolidado!$J:$J,MATCH($A31,Consolidado!$A:$A,0)),0) -> 511 | E31: =IFERROR(INDEX(Consolidado!$M:$M,MATCH($A31,Consolidado!$A:$A,0)),0) -> 0.0051157407 | F31: =IF(D31=0,0,IF(E31<=$B$8,$C$8,IF(E31<=$B$7,$C$7,IF(E31<=$B$6,$C$6,0)))) -> 0 | G31: =IFERROR(INDEX(Consolidado!$K:$K,MATCH($A31,Consolidado!$A:$A,0)),0) -> 3.9381713 | H31: =IF(G31*24>=$B$10,$C$10,0) -> 0 | I31: =IFERROR(INDEX(Consolidado!$O:$O,MATCH($A31,Consolidado!$A:$A,0)),0) -> 0.13599386 | J31: =IF(G31=0,0,IF(I31<=$B$12,$C$12,IF(I31<=$B$13,$C$13,IF(I31<=$B$14,$C$14,0)))) -> 75 | K31: =F31+H31+J31 -> 75 | L31: 0 | M31: =IF(L31>=2,$B$17,IF(L31=1,$B$16,0)) -> -1 | N31: =K31*(1+M31) -> 0
... A59: WANESSA YASMIM DE ALMEIDA CHAVES | B59: =IFERROR(INDEX(Consolidado!$B:$B,MATCH($A59,Consolidado!$A:$A,0)),"") -> wanessachaves | C59: RAFAEL ALVES DE LIMA | D59: =IFERROR(INDEX(Consolidado!$J:$J,MATCH($A59,Consolidado!$A:$A,0)),0) -> 622 | E59: =IFERROR(INDEX(Consolidado!$M:$M,MATCH($A59,Consolidado!$A:$A,0)),0) -> 0.0023148148 | F59: =IF(D59=0,0,IF(E59<=$B$8,$C$8,IF(E59<=$B$7,$C$7,IF(E59<=$B$6,$C$6,0)))) -> 100 | G59: =IFERROR(INDEX(Consolidado!$K:$K,MATCH($A59,Consolidado!$A:$A,0)),0) -> 3.374838 | H59: =IF(G59*24>=$B$10,$C$10,0) -> 0 | I59: =IFERROR(INDEX(Consolidado!$O:$O,MATCH($A59,Consolidado!$A:$A,0)),0) -> 0.17583149 | J59: =IF(G59=0,0,IF(I59<=$B$12,$C$12,IF(I59<=$B$13,$C$13,IF(I59<=$B$14,$C$14,0)))) -> 0 | K59: =F59+H59+J59 -> 100 | L59: 0 | M59: =IF(L59>=2,$B$17,IF(L59=1,$B$16,0)) -> -1 | N59: =K59*(1+M59) -> 0
A60: TOTAL (40 agentes) | K60: =SUM(K20:K59) -> 2025 | N60: =SUM(N20:N59) -> 0
